position	hap1_allele	hap2_allele
720	1	0
2419	1	0
2420	1	0
2900	1	0
3112	1	0
3242	1	0
3517	1	0
4083	0	1
4757	1	0
5789	0	1
6514	1	0
8055	1	0
8360	1	0
11166	1	0
11204	0	1
12684	1	0
13404	0	1
14495	1	0
14697	0	1
14992	1	0
17143	1	0
21742	0	1
22244	1	0
23816	0	1
26603	0	1
29602	1	0
29721	1	0
29775	0	1
30024	1	0
32830	1	0
32968	0	1
33697	1	0
37919	1	0
38935	1	0
40505	1	0
41011	1	0
42558	1	0
44957	0	1
44982	1	0
46831	0	1
52826	1	0
54664	0	1
55103	1	0
57179	0	1
57325	1	0
58117	1	0
61306	0	1
61770	1	0
62223	1	0
62409	0	1
62436	0	1
63950	1	0
64267	1	0
64679	0	1
65581	1	0
65655	0	1
66793	0	1
67005	1	0
68192	0	1
69796	0	1
69940	1	0
70653	0	1
72234	0	1
72947	0	1
73016	0	1
74040	1	0
75493	0	1
76458	0	1
80314	0	1
81492	0	1
84608	0	1
84806	1	0
85006	1	0
87202	0	1
87878	0	1
88119	0	1
91617	0	1
92187	0	1
94040	1	0
95766	1	0
98630	1	0
99933	1	0
101786	1	0
102358	1	0
102778	1	0
105794	0	1
106539	1	0
111002	0	1
112454	0	1
113750	1	0
113913	1	0
117893	1	0
118690	1	0
119842	0	1
120542	1	0
120903	1	0
124018	0	1
125155	0	1
125159	0	1
126439	1	0
126967	1	0
127966	1	0
130860	1	0
131450	0	1
134638	0	1
135940	1	0
135962	1	0
139496	1	0
141061	1	0
148956	1	0
149209	1	0
149406	1	0
153001	1	0
154592	1	0
154684	0	1
156562	1	0
158431	0	1
161849	0	1
163506	1	0
163683	1	0
163710	0	1
163746	1	0
163785	1	0
164162	0	1
166783	1	0
167815	1	0
168888	1	0
171348	0	1
171525	1	0
171962	0	1
173137	1	0
177793	0	1
178891	1	0
178917	0	1
181067	0	1
181421	0	1
183615	0	1
184270	0	1
186925	1	0
188758	1	0
189841	0	1
190037	0	1
190120	0	1
190293	0	1
190354	0	1
190506	1	0
190847	0	1
192511	0	1
193605	0	1
193622	0	1
193722	0	1
198280	1	0
199399	0	1
199702	0	1
200090	1	0
201906	0	1
202196	1	0
203357	0	1
208032	0	1
210533	1	0
210899	1	0
211807	0	1
213097	1	0
215451	0	1
215679	0	1
215704	1	0
215801	1	0
216689	1	0
217932	1	0
219054	0	1
219563	0	1
225529	1	0
226685	1	0
227323	0	1
228391	0	1
230215	1	0
231690	1	0
232101	0	1
232193	1	0
232809	0	1
234134	1	0
234449	0	1
236312	1	0
236404	1	0
236806	1	0
238984	0	1
239271	0	1
240631	1	0
241623	0	1
245072	1	0
245480	0	1
245571	0	1
247342	1	0
249314	0	1
252492	1	0
256075	0	1
256094	1	0
256450	1	0
257729	1	0
261696	0	1
265694	1	0
266779	0	1
270075	0	1
271443	1	0
272102	1	0
272990	1	0
274226	1	0
275289	1	0
278763	1	0
282109	1	0
282779	1	0
287183	1	0
287438	0	1
287619	1	0
287813	1	0
288753	0	1
288783	1	0
292723	0	1
295063	0	1
295084	1	0
295343	1	0
295881	1	0
296069	1	0
298279	1	0
298843	0	1
302596	1	0
303759	0	1
306573	0	1
309056	1	0
312199	0	1
313020	1	0
314074	0	1
316210	1	0
316659	0	1
317558	1	0
318777	1	0
318798	1	0
319998	0	1
320756	0	1
322952	0	1
323457	1	0
326435	1	0
327585	0	1
327857	0	1
329925	0	1
331187	0	1
331261	1	0
331988	1	0
333503	0	1
336847	1	0
336848	0	1
341862	1	0
342492	0	1
347346	0	1
348584	0	1
350937	1	0
352077	1	0
353396	0	1
353845	1	0
355024	0	1
356872	0	1
359477	0	1
361353	0	1
362950	1	0
365614	0	1
366134	0	1
367615	1	0
368414	1	0
369056	0	1
369762	1	0
370447	0	1
370956	1	0
372253	1	0
373003	0	1
377858	0	1
379368	0	1
379664	1	0
380406	0	1
380967	1	0
383097	1	0
385923	1	0
389045	1	0
390494	0	1
390914	0	1
391302	0	1
393875	0	1
394875	1	0
397035	1	0
398168	0	1
399929	0	1
400905	1	0
402869	0	1
403991	1	0
404827	1	0
405387	1	0
405482	1	0
406115	1	0
406226	1	0
411643	0	1
411911	0	1
414138	0	1
416910	0	1
418465	1	0
419589	1	0
419823	1	0
420662	0	1
421227	0	1
421567	0	1
422764	0	1
423263	1	0
426570	1	0
429775	1	0
430172	1	0
430329	0	1
430615	0	1
431538	1	0
433277	0	1
433589	1	0
433969	1	0
436513	1	0
437230	1	0
438509	0	1
438864	0	1
439008	1	0
439975	1	0
440840	1	0
441061	0	1
442357	0	1
443404	1	0
444820	0	1
445029	0	1
446885	1	0
447220	1	0
448197	0	1
450248	1	0
450279	1	0
450802	0	1
453552	0	1
456035	1	0
457066	1	0
459751	1	0
463739	0	1
466073	0	1
468639	1	0
468778	0	1
470183	1	0
471804	0	1
473060	1	0
475203	0	1
475250	1	0
477211	0	1
478965	0	1
479366	0	1
479763	1	0
481097	1	0
481662	1	0
483785	1	0
484573	1	0
486608	1	0
492811	1	0
493287	1	0
493493	1	0
496580	0	1
497620	1	0
502523	0	1
503873	0	1
510673	0	1
511726	1	0
512723	1	0
512917	1	0
513503	0	1
513539	0	1
513773	0	1
515598	0	1
515640	0	1
516249	0	1
518893	0	1
520466	0	1
522032	1	0
522311	0	1
523089	0	1
524251	1	0
530357	0	1
530661	0	1
531041	0	1
531447	1	0
533296	0	1
534110	0	1
534189	0	1
535136	1	0
535454	0	1
537590	0	1
538061	0	1
538099	0	1
539299	1	0
541774	1	0
542414	0	1
544261	1	0
545215	1	0
546253	1	0
550525	1	0
552697	1	0
552741	1	0
554389	0	1
555223	0	1
559153	0	1
559487	1	0
559902	1	0
560016	0	1
560762	1	0
560916	1	0
562255	0	1
564421	1	0
566012	0	1
567950	1	0
568509	0	1
571002	0	1
571749	1	0
574065	1	0
575378	0	1
575585	0	1
575694	0	1
575719	0	1
575812	0	1
576630	0	1
576791	0	1
576829	0	1
578703	0	1
579373	0	1
581205	1	0
582008	1	0
582806	0	1
583673	0	1
584530	1	0
586697	1	0
587384	0	1
590517	0	1
590568	0	1
592550	1	0
592729	1	0
594014	1	0
594028	1	0
595060	1	0
595065	0	1
599091	1	0
602234	1	0
604353	1	0
607643	1	0
607853	0	1
608082	1	0
608359	0	1
609658	0	1
612807	0	1
618939	0	1
620595	1	0
622350	1	0
625549	1	0
626232	0	1
626616	0	1
626870	0	1
627040	0	1
629272	1	0
629484	1	0
629894	0	1
632173	0	1
632669	1	0
638055	1	0
638469	1	0
639486	1	0
639990	0	1
643211	1	0
643820	0	1
644578	0	1
645536	0	1
649262	1	0
649304	0	1
650986	0	1
653941	0	1
653978	1	0
654962	0	1
655488	1	0
658104	1	0
659194	0	1
660756	0	1
661560	0	1
662880	1	0
663337	0	1
663350	0	1
664496	1	0
664994	0	1
665965	0	1
669273	1	0
670014	0	1
670393	1	0
671012	0	1
674593	0	1
678275	1	0
680755	0	1
684125	0	1
684470	1	0
684593	0	1
684937	1	0
685441	1	0
685698	0	1
686944	1	0
687656	1	0
689915	0	1
690188	0	1
691802	1	0
692169	1	0
693308	0	1
693881	1	0
693960	0	1
694307	1	0
695762	1	0
696679	0	1
697655	0	1
697911	1	0
699039	0	1
706677	0	1
708940	1	0
710143	1	0
715114	1	0
718204	0	1
719411	0	1
719455	1	0
719586	0	1
719677	1	0
720479	0	1
721107	1	0
726043	1	0
726289	1	0
731093	0	1
733038	0	1
735356	0	1
736691	1	0
738164	0	1
739028	0	1
739046	0	1
739627	0	1
740530	1	0
742276	1	0
743119	0	1
743934	0	1
744132	0	1
744147	1	0
746040	0	1
746554	1	0
752098	1	0
752430	0	1
752982	1	0
753972	1	0
755847	1	0
756678	1	0
756856	0	1
757356	1	0
758292	1	0
759786	1	0
761746	0	1
761933	0	1
761964	0	1
762940	1	0
765154	1	0
765171	1	0
766659	0	1
768207	1	0
769002	0	1
772285	1	0
773663	1	0
773671	1	0
774554	1	0
777169	1	0
779534	0	1
780931	0	1
782424	0	1
783576	1	0
784004	1	0
785100	1	0
786585	1	0
787165	0	1
789747	1	0
790037	0	1
791871	0	1
792327	0	1
794309	0	1
795053	0	1
797251	0	1
797833	0	1
798154	0	1
800098	1	0
800590	0	1
802352	0	1
804171	0	1
804505	1	0
804827	0	1
805123	0	1
805328	1	0
805959	1	0
805995	0	1
806152	0	1
807649	1	0
809793	0	1
809905	1	0
810257	0	1
810568	0	1
813891	0	1
815547	1	0
816623	0	1
817108	0	1
819509	0	1
820271	0	1
823697	0	1
825329	1	0
826196	0	1
826376	0	1
831350	1	0
831583	1	0
831885	0	1
832637	1	0
833328	0	1
833540	1	0
835282	1	0
835561	1	0
836938	1	0
838809	1	0
839125	1	0
840350	0	1
842192	0	1
843548	1	0
844760	0	1
845227	0	1
846981	1	0
850855	0	1
851594	0	1
853626	0	1
853704	1	0
856108	1	0
856393	0	1
857063	1	0
857539	0	1
857651	1	0
860784	0	1
861401	1	0
862410	1	0
863319	0	1
863508	0	1
863817	0	1
863923	0	1
864869	0	1
865274	0	1
865863	1	0
866016	1	0
868081	1	0
868232	1	0
873895	1	0
874155	0	1
875288	0	1
875350	0	1
877412	0	1
877693	0	1
878694	1	0
880490	1	0
880707	1	0
881775	1	0
882101	0	1
883999	1	0
885710	1	0
885969	0	1
888609	1	0
888636	1	0
891259	1	0
892350	0	1
893039	1	0
894935	1	0
896618	1	0
902441	1	0
902876	0	1
902882	0	1
906503	1	0
909104	1	0
910844	1	0
911814	1	0
913450	1	0
915472	1	0
916099	1	0
918060	0	1
919912	0	1
921179	0	1
921864	1	0
923457	0	1
923462	0	1
925450	1	0
928473	1	0
928838	1	0
929010	1	0
929342	0	1
929822	0	1
932683	1	0
933728	0	1
934179	1	0
934378	1	0
934835	0	1
936104	0	1
936627	1	0
937442	0	1
938225	0	1
940573	1	0
941314	1	0
941880	1	0
943378	0	1
943712	0	1
944552	0	1
945056	1	0
946370	0	1
949167	0	1
949959	0	1
952005	1	0
952819	0	1
954243	0	1
954432	0	1
955189	0	1
958389	1	0
959629	0	1
961570	0	1
962507	1	0
963426	1	0
965893	0	1
965987	0	1
967123	0	1
970936	1	0
971909	1	0
972198	1	0
974709	0	1
975096	0	1
976704	1	0
977740	0	1
981703	0	1
983008	0	1
985434	0	1
985445	1	0
991498	1	0
991606	1	0
992125	1	0
996020	1	0
996032	0	1
998338	0	1
1000971	1	0
1001744	0	1
1002138	1	0
1004302	1	0
1005169	0	1
1005362	0	1
1008867	0	1
1011884	0	1
1012786	0	1
1015376	1	0
1016099	0	1
1017633	0	1
1018310	0	1
1019250	1	0
1019531	1	0
1023999	0	1
1024464	1	0
1024610	1	0
1024818	0	1
1024837	1	0
1026515	0	1
1027623	1	0
1029733	1	0
1030676	1	0
1032768	1	0
1034355	1	0
1036361	1	0
1037057	1	0
1038448	1	0
1038713	1	0
1039231	0	1
1039484	1	0
1040185	0	1
1040554	1	0
1041251	1	0
1046180	0	1
1046695	0	1
1052087	1	0
1053436	1	0
1054063	0	1
1056660	1	0
1057949	0	1
1058337	1	0
1060436	1	0
1061193	1	0
1061783	0	1
1062318	1	0
1063912	1	0
1064329	0	1
1066531	0	1
1066998	1	0
1068045	1	0
1068938	1	0
1071516	1	0
1074439	0	1
1074711	0	1
1075885	0	1
1078931	1	0
1079719	1	0
1083117	1	0
1083553	0	1
1084805	1	0
1086334	1	0
1086680	0	1
1086699	1	0
1087418	0	1
1091135	0	1
1091695	0	1
1093712	1	0
1093968	0	1
1094526	0	1
1094735	1	0
1096417	0	1
1098019	0	1
1099574	0	1
1099964	0	1
1101536	1	0
1101880	0	1
1102617	0	1
1103237	1	0
1103823	1	0
1103903	1	0
1105235	1	0
1106873	1	0
1108141	1	0
1109534	0	1
1109783	0	1
1109999	0	1
1110962	0	1
1113738	0	1
1114009	0	1
1114838	0	1
1115585	1	0
1116502	0	1
1116737	0	1
1117296	1	0
1117701	0	1
1120182	0	1
1122330	0	1
1123072	1	0
1124317	1	0
1124527	1	0
1125477	1	0
1125947	1	0
1128565	1	0
1130050	1	0
1131388	0	1
1131566	0	1
1132414	0	1
1138160	1	0
1142109	1	0
1143490	1	0
1143710	0	1
1145069	1	0
1146181	0	1
1147024	1	0
1147769	0	1
1148988	0	1
1151517	0	1
1153371	0	1
1154526	0	1
1157974	0	1
1158064	0	1
1164395	1	0
1164468	1	0
1164765	0	1
1165498	0	1
1165650	0	1
1166953	1	0
1167019	1	0
1167466	0	1
1167550	1	0
1169171	0	1
1170643	0	1
1171278	0	1
1171556	1	0
1173388	0	1
1173943	0	1
1176058	0	1
1176950	1	0
1177945	1	0
1177984	0	1
1179362	0	1
1179938	1	0
1180285	0	1
1181044	1	0
1181687	1	0
1182533	1	0
1187714	0	1
1188318	1	0
1190303	1	0
1191376	0	1
1194308	0	1
1194893	1	0
1195269	0	1
1198494	0	1
1198554	1	0
1202568	0	1
1203652	1	0
1204282	0	1
1211358	0	1
1211439	1	0
1212409	1	0
1212452	0	1
1213581	1	0
1213847	1	0
1215176	1	0
1220454	1	0
1223225	0	1
1224027	0	1
1225670	0	1
1227673	1	0
1228584	1	0
1229587	0	1
1229805	1	0
1230420	0	1
1230625	1	0
1232355	1	0
1233219	0	1
1234014	0	1
1236909	0	1
1237909	0	1
1238611	0	1
1239029	1	0
1239129	0	1
1239851	0	1
1239886	1	0
1240345	1	0
1241279	0	1
1245784	0	1
1245939	0	1
1247430	0	1
1248354	1	0
1250355	1	0
1250562	1	0
1250678	1	0
1251358	0	1
1253484	0	1
1253768	0	1
1255715	1	0
1256173	1	0
1256499	0	1
1256522	0	1
1257200	0	1
1257840	0	1
1259276	1	0
1259375	1	0
1259596	1	0
1259619	1	0
1259781	1	0
1261188	1	0
1261875	1	0
1262392	1	0
1263480	0	1
1270185	1	0
1272583	0	1
1274187	1	0
1277525	0	1
1277580	1	0
1277678	1	0
1278535	1	0
1279108	0	1
1282799	1	0
1283696	1	0
1284730	0	1
1287738	0	1
1288527	0	1
1291321	0	1
1291711	1	0
1292138	0	1
1292669	0	1
1293727	0	1
1294059	1	0
1295543	0	1
1295749	1	0
1295881	1	0
1298603	1	0
1298964	1	0
1299615	1	0
1300745	1	0
1301740	0	1
1301846	1	0
1304609	1	0
1308633	0	1
1310865	1	0
1311310	0	1
1312311	1	0
1312864	0	1
1313943	0	1
1318829	1	0
1319327	1	0
1320800	0	1
1321326	0	1
1323312	0	1
1323838	1	0
1326778	1	0
1328635	0	1
1330552	0	1
1331397	0	1
1331713	0	1
1331770	1	0
1332288	0	1
1332339	1	0
1333917	1	0
1335397	1	0
1336148	1	0
1338095	0	1
1339119	0	1
1339174	1	0
1339367	1	0
1339654	1	0
1340200	1	0
1340272	1	0
1341511	1	0
1342468	0	1
1343749	1	0
1344504	0	1
1347013	0	1
1347820	0	1
1347841	1	0
1350593	1	0
1352017	1	0
1354325	1	0
1358367	1	0
1358437	1	0
1358795	1	0
1358883	0	1
1359613	1	0
1362271	1	0
1362385	0	1
1363240	1	0
1363419	0	1
1365395	1	0
1367850	1	0
1367909	0	1
1368798	1	0
1369163	0	1
1373224	0	1
1377064	0	1
1378333	0	1
1383172	1	0
1383736	0	1
1386777	0	1
1387537	0	1
1387896	1	0
1391665	1	0
1393202	1	0
1393292	1	0
1396016	1	0
1397627	0	1
1398865	1	0
1400622	0	1
1401012	0	1
1402235	1	0
1404482	0	1
1404557	1	0
1404744	0	1
1407208	0	1
1408492	1	0
1409502	0	1
1409883	0	1
1410350	1	0
1413098	0	1
1413828	1	0
1413917	1	0
1416947	0	1
1417251	0	1
1419584	0	1
1422430	1	0
1423319	1	0
1424536	1	0
1425535	1	0
1426842	0	1
1429417	0	1
1429859	1	0
1432728	0	1
1433846	0	1
1434009	1	0
1434353	1	0
1435561	0	1
1435926	0	1
1436114	0	1
1436350	1	0
1438834	1	0
1440063	1	0
1444478	0	1
1445044	0	1
1446251	0	1
1447469	1	0
1448744	0	1
1448826	1	0
1450676	1	0
1454622	0	1
1455642	1	0
1455928	0	1
1457792	0	1
1457802	0	1
1458333	0	1
1461661	0	1
1462845	0	1
1465421	0	1
1466658	0	1
1468963	1	0
1471784	0	1
1472300	0	1
1472475	0	1
1474178	1	0
1474952	0	1
1475133	0	1
1476321	1	0
1476370	0	1
1476668	0	1
1478738	1	0
1478755	1	0
1479237	0	1
1479266	0	1
1487244	1	0
1488407	1	0
1488870	0	1
1492395	0	1
1493338	0	1
1494147	0	1
1495329	0	1
1495738	0	1
1496224	0	1
1496844	1	0
1497218	1	0
1498389	0	1
1499976	0	1
1500076	0	1
1504799	0	1
1506664	1	0
1508851	1	0
1510708	0	1
1510820	1	0
1511696	0	1
1512483	1	0
1513971	0	1
1514765	1	0
1516389	1	0
1517915	1	0
1519508	1	0
1520793	0	1
1521012	0	1
1522919	0	1
1524944	1	0
1528069	0	1
1528424	1	0
1528684	0	1
1529346	0	1
1529862	1	0
1532115	0	1
1533383	1	0
1535286	1	0
1536030	1	0
1536170	0	1
1536333	0	1
1536957	0	1
1537245	1	0
1539537	1	0
1540758	1	0
1542315	0	1
1543216	0	1
1543340	1	0
1543698	0	1
1544524	0	1
1544820	0	1
1544855	1	0
1546598	0	1
1548319	0	1
1548854	0	1
1551326	1	0
1552072	1	0
1554738	1	0
1556165	0	1
1557325	1	0
1557624	1	0
1558630	1	0
1561627	1	0
1562112	1	0
1564842	1	0
1568033	1	0
1568567	1	0
1570099	0	1
1573158	0	1
1573263	0	1
1576074	1	0
1576357	1	0
1578884	0	1
1580351	0	1
1580914	1	0
1581133	1	0
1582478	0	1
1584988	0	1
1587288	1	0
1588607	0	1
1592780	1	0
1593969	0	1
1594263	0	1
1595011	0	1
1595559	0	1
1601986	0	1
1602624	0	1
1609182	1	0
1610157	1	0
1610410	0	1
1610514	1	0
1611131	0	1
1611307	1	0
1612649	0	1
1613362	0	1
1619628	0	1
1623172	0	1
1623388	0	1
1624058	0	1
1624884	1	0
1625982	0	1
1628003	0	1
1628894	1	0
1629621	1	0
1630026	0	1
1633248	0	1
1633279	0	1
1635573	0	1
1635852	0	1
1637395	1	0
1637980	1	0
1642856	0	1
1643031	1	0
1643308	1	0
1646244	0	1
1647412	1	0
1647906	1	0
1647908	0	1
1648253	0	1
1648463	1	0
1648767	0	1
1651788	0	1
1654540	1	0
1656146	0	1
1656994	0	1
1659334	0	1
1660247	0	1
1660850	0	1
1661280	0	1
1664728	0	1
1665381	1	0
1666287	1	0
1666679	1	0
1669562	1	0
1670207	0	1
1670678	1	0
1672364	0	1
1672647	1	0
1672815	0	1
1675233	0	1
1677050	0	1
1678241	1	0
1678612	1	0
1679914	1	0
1681270	0	1
1681799	1	0
1681893	1	0
1684725	0	1
1685547	1	0
1687471	1	0
1687862	0	1
1689055	1	0
1689802	1	0
1690444	0	1
1690625	0	1
1690999	0	1
1691110	0	1
1691591	0	1
1693396	1	0
1694669	1	0
1696157	1	0
1696169	0	1
1697681	1	0
1698614	1	0
1698964	0	1
1699221	1	0
1699494	1	0
1701973	0	1
1707372	0	1
1710638	1	0
1711207	1	0
1713227	1	0
1714281	1	0
1716541	0	1
1717423	1	0
1718612	0	1
1720675	1	0
1720816	1	0
1721843	1	0
1722451	1	0
1723687	1	0
1727938	0	1
1728603	1	0
1729269	0	1
1731354	1	0
1732735	1	0
1733403	1	0
1734960	1	0
1735650	0	1
1735846	0	1
1736645	1	0
1737188	0	1
1737516	1	0
1740983	1	0
1742543	1	0
1743761	1	0
1745591	1	0
1746632	0	1
1748240	0	1
1751796	0	1
1754442	0	1
1754687	1	0
1755094	0	1
1755194	0	1
1760323	1	0
1760683	0	1
1762124	1	0
1762250	0	1
1762566	0	1
1763498	0	1
1763646	1	0
1764303	1	0
1765333	0	1
1765886	0	1
1766968	0	1
1767994	0	1
1768655	0	1
1770244	0	1
1771757	0	1
1773307	1	0
1774406	0	1
1774997	1	0
1776263	1	0
1779922	1	0
1781133	1	0
1786321	0	1
1787097	1	0
1788891	0	1
1788943	1	0
1790872	0	1
1791846	0	1
1791854	0	1
1792287	0	1
1793308	1	0
1795256	0	1
1795329	0	1
1796391	1	0
1798543	0	1
1799941	1	0
1803514	1	0
1803618	0	1
1804050	1	0
1807404	0	1
1809335	1	0
1810556	0	1
1812942	1	0
1815960	1	0
1820761	0	1
1829446	0	1
1829647	1	0
1829745	1	0
1829847	0	1
1829867	0	1
1834625	0	1
1834758	1	0
1837216	1	0
1838757	1	0
1839649	0	1
1840217	0	1
1840799	0	1
1841190	1	0
1844415	1	0
1846139	1	0
1846175	0	1
1847001	1	0
1847442	1	0
1847482	0	1
1850362	1	0
1852327	1	0
1852861	1	0
1854984	1	0
1855508	1	0
1855999	1	0
1859508	1	0
1864531	0	1
1865520	0	1
1869566	1	0
1872484	0	1
1873457	1	0
1874079	1	0
1875731	1	0
1876542	0	1
1877781	1	0
1883975	0	1
1885957	1	0
1886500	1	0
1886625	0	1
1886898	1	0
1887896	1	0
1888616	0	1
1890766	1	0
1894373	0	1
1894635	1	0
1897257	0	1
1901464	1	0
1905737	0	1
1905789	0	1
1905869	0	1
1905877	0	1
1906377	1	0
1906454	0	1
1906918	1	0
1907505	0	1
1911600	1	0
1912464	1	0
1912899	0	1
1913831	0	1
1915206	0	1
1915364	1	0
1917256	1	0
1919802	0	1
1922281	1	0
1925230	0	1
1925872	0	1
1926654	0	1
1926797	0	1
1927139	0	1
1931873	1	0
1932320	1	0
1935492	0	1
1938441	0	1
1941850	1	0
1942077	1	0
1944900	0	1
1946233	0	1
1946549	0	1
1947114	1	0
1947347	0	1
1948131	1	0
1948248	1	0
1948489	0	1
1948782	0	1
1950348	1	0
1951485	1	0
1954239	0	1
1954613	1	0
1955937	0	1
1955984	0	1
1956952	1	0
1959604	0	1
1965127	0	1
1965141	0	1
1965530	0	1
1965868	0	1
1965933	0	1
1965947	0	1
1966845	1	0
1966908	1	0
1967343	0	1
1968705	0	1
1969171	1	0
1969590	0	1
1970781	1	0
1971420	1	0
1973036	1	0
1973950	0	1
1975287	0	1
1975869	1	0
1976320	0	1
1976511	0	1
1980198	0	1
1982376	1	0
1986083	1	0
1986357	1	0
1989963	0	1
1993622	1	0
1994067	1	0
1994495	1	0
1995564	1	0
1995838	1	0
1996616	1	0
1996890	1	0
2000815	1	0
2001723	0	1
2006151	1	0
2007532	0	1
2008415	0	1
2012991	1	0
2013197	0	1
2014531	1	0
2015977	0	1
2016736	1	0
2016818	1	0
2017723	0	1
2018558	0	1
2020749	0	1
2021145	1	0
2021807	1	0
2022174	1	0
2023720	0	1
2029843	1	0
2030104	0	1
2032401	0	1
2032752	0	1
2032832	1	0
2033032	1	0
2036679	0	1
2039604	0	1
2040060	0	1
2043995	0	1
2046523	1	0
2047284	1	0
2048126	0	1
2049451	1	0
2049681	1	0
2049701	0	1
2050113	0	1
2050134	1	0
2051630	1	0
2052699	0	1
2053217	0	1
2055237	0	1
2055448	0	1
2055823	0	1
2056284	0	1
2056575	1	0
2056698	0	1
2059418	0	1
2059542	0	1
2061077	0	1
2061248	0	1
2061263	0	1
2062349	0	1
2065517	1	0
2068142	0	1
2068693	0	1
2068730	0	1
2070881	1	0
2073067	1	0
2075771	0	1
2077248	0	1
2079446	1	0
2082483	1	0
2083290	1	0
2084378	1	0
2085319	1	0
2086889	1	0
2088420	1	0
2089400	1	0
2091750	0	1
2092690	0	1
2095013	0	1
2095455	0	1
2095718	0	1
2100386	1	0
2102192	1	0
2102593	1	0
2103754	0	1
2107896	1	0
2108009	0	1
2108126	0	1
2109413	1	0
2109752	0	1
2111684	0	1
2112804	0	1
2114267	0	1
2114420	1	0
2114538	0	1
2115846	1	0
2116549	0	1
2116671	0	1
2117290	1	0
2118777	1	0
2119058	0	1
2122072	1	0
2126061	1	0
2130405	0	1
2132151	0	1
2132846	0	1
2134661	1	0
2135114	1	0
2135618	0	1
2136860	0	1
2138065	1	0
2140877	1	0
2141269	1	0
2143206	0	1
2146979	0	1
2146981	1	0
2147843	1	0
2149270	0	1
2151741	0	1
2152012	0	1
2154597	0	1
2155201	1	0
2158171	1	0
2158209	1	0
2158328	0	1
2163640	0	1
2164894	1	0
2165615	1	0
2165863	0	1
2167262	0	1
2167313	1	0
2167811	0	1
2168332	0	1
2169579	1	0
2170982	1	0
2173476	0	1
2176976	1	0
2178416	1	0
2179567	1	0
2180245	1	0
2184777	1	0
2185001	1	0
2188007	0	1
2188504	1	0
2189564	1	0
2191092	0	1
2191452	0	1
2191697	0	1
2192644	1	0
2194736	0	1
2196308	0	1
2196477	1	0
2199556	0	1
2200427	0	1
2204335	0	1
2205410	0	1
2205529	1	0
2205831	1	0
2208398	0	1
2210030	0	1
2213034	0	1
2213567	0	1
2214568	1	0
2215969	1	0
2217172	0	1
2217523	1	0
2218265	0	1
2218646	1	0
2221137	0	1
2226893	0	1
2226985	0	1
2228654	1	0
2229188	1	0
2230497	0	1
2230895	0	1
2232299	0	1
2232918	0	1
2233384	0	1
2236620	0	1
2240427	1	0
2241695	1	0
2242017	1	0
2245754	1	0
2247605	0	1
2249459	0	1
2249777	1	0
2252140	0	1
2252506	1	0
2253838	1	0
2255492	0	1
2257300	0	1
2257960	1	0
2259862	0	1
2262971	1	0
2264151	0	1
2264278	0	1
2264463	0	1
2264612	0	1
2264865	0	1
2265046	1	0
2267054	1	0
2267108	0	1
2267477	0	1
2270293	1	0
2275133	0	1
2276373	0	1
2281358	0	1
2281418	1	0
2285374	1	0
2285872	1	0
2288011	0	1
2290229	0	1
2292850	1	0
2293668	0	1
2297225	1	0
2297623	1	0
2301255	1	0
2302542	0	1
2308180	0	1
2308225	1	0
2309947	1	0
2311059	1	0
2311963	1	0
2312363	1	0
2312891	0	1
2313274	0	1
2313604	1	0
2315747	0	1
2316678	1	0
2316794	1	0
2318794	1	0
2319811	0	1
2321604	1	0
2322570	0	1
2323251	1	0
2328965	1	0
2329004	0	1
2332603	1	0
2336164	1	0
2336825	0	1
2337147	1	0
2338434	0	1
2338696	1	0
2340863	1	0
2341254	0	1
2341712	0	1
2345013	0	1
2348122	0	1
2349144	1	0
2351792	0	1
2352372	1	0
2360581	0	1
2361339	1	0
2361805	1	0
2361862	1	0
2367962	0	1
2368796	0	1
2370564	0	1
2371929	1	0
2373641	0	1
2373711	0	1
2377079	0	1
2380565	0	1
2381636	1	0
2386064	1	0
2386504	0	1
2387733	1	0
2388407	0	1
2389726	0	1
2390203	1	0
2392484	1	0
2392581	0	1
2392639	1	0
2392707	1	0
2392925	1	0
2393596	0	1
2397741	0	1
2397898	0	1
2399288	1	0
2400288	0	1
2400869	1	0
2401164	0	1
2401497	1	0
2401557	1	0
2403222	0	1
2404636	0	1
2405418	1	0
2407110	1	0
2407266	1	0
2410988	1	0
2413496	1	0
2414931	0	1
2415566	1	0
2416285	1	0
2417163	0	1
2420812	1	0
2423468	0	1
2424335	1	0
2425413	1	0
2428189	0	1
2432163	0	1
2433522	1	0
2435362	1	0
2435940	1	0
2439274	0	1
2441690	0	1
2442761	1	0
2445457	1	0
2447985	1	0
2450188	0	1
2450375	0	1
2451399	0	1
2454479	0	1
2456443	1	0
2457171	1	0
2462251	0	1
2462636	1	0
2463177	1	0
2467287	1	0
2469492	1	0
2472566	1	0
2472582	1	0
2473219	0	1
2473577	1	0
2474045	1	0
2475831	0	1
2477548	1	0
2478374	0	1
2478980	0	1
2480152	0	1
2481169	0	1
2482235	1	0
2483509	0	1
2484181	0	1
2486150	0	1
2486536	0	1
2487958	1	0
2492262	0	1
2492267	0	1
2493980	0	1
2494134	0	1
2495181	1	0
2496496	0	1
2496867	0	1
2500135	0	1
2501433	0	1
2501785	1	0
2503745	0	1
2503894	1	0
2504974	1	0
2505107	0	1
2506267	0	1
2506656	0	1
2508054	0	1
2509731	1	0
2510721	1	0
2512150	1	0
2514387	0	1
2516584	1	0
2517873	0	1
2518673	1	0
2519372	1	0
2522141	0	1
2523759	0	1
2524032	0	1
2525144	1	0
2528336	1	0
2528554	1	0
2531044	1	0
2533332	0	1
2534255	1	0
2534307	1	0
2534520	0	1
2537932	0	1
2537993	1	0
2538615	0	1
2539902	1	0
2540195	0	1
2545484	1	0
2545711	1	0
2546746	0	1
2548029	1	0
2548380	1	0
2549217	0	1
2550118	1	0
2552059	0	1
2553400	1	0
2554241	1	0
2555707	0	1
2556513	0	1
2557508	0	1
2558941	0	1
2559208	1	0
2561276	0	1
2562507	0	1
2567744	0	1
2568080	1	0
2568917	0	1
2571930	1	0
2573157	0	1
2574883	1	0
2575595	1	0
2577132	1	0
2581024	1	0
2581322	0	1
2583518	0	1
2588172	1	0
2588192	0	1
2588515	0	1
2588682	0	1
2590626	1	0
2590739	0	1
2599331	1	0
2599989	0	1
2603130	0	1
2603409	0	1
2604184	1	0
2606668	1	0
2607874	0	1
2608701	1	0
2609660	1	0
2610797	1	0
2611571	0	1
2611858	0	1
2612020	1	0
2612239	1	0
2612311	0	1
2613402	1	0
2615911	1	0
2616504	1	0
2616609	1	0
2617349	0	1
2618577	1	0
2619316	0	1
2621535	0	1
2625328	1	0
2628047	0	1
2629670	1	0
2630517	1	0
2632047	1	0
2632066	0	1
2637457	0	1
2637709	0	1
2640865	1	0
2643059	0	1
2645206	1	0
2645624	1	0
2645954	0	1
2646701	1	0
2649224	0	1
2650022	0	1
2653674	1	0
2654254	0	1
2655542	1	0
2660804	1	0
2662179	1	0
2662242	0	1
2663073	1	0
2663617	0	1
2664630	0	1
2665077	1	0
2665251	0	1
2666722	1	0
2668247	1	0
2670938	1	0
2671128	1	0
2673264	0	1
2675601	0	1
2676988	1	0
2677294	0	1
2677698	1	0
2678421	0	1
2679462	0	1
2680328	1	0
2681168	0	1
2683610	0	1
2686331	1	0
2688593	1	0
2691395	0	1
2692524	1	0
2696956	0	1
2698200	0	1
2699435	1	0
2699948	1	0
2701472	1	0
2701544	0	1
2701737	1	0
2701923	1	0
2703343	1	0
2703600	0	1
2704157	1	0
2704218	0	1
2704573	1	0
2709012	1	0
2709961	0	1
2710180	0	1
2711167	0	1
2714998	0	1
2717674	1	0
2718338	0	1
2718784	1	0
2720696	1	0
2721063	0	1
2721454	1	0
2721572	0	1
2724233	1	0
2725025	0	1
2726125	0	1
2727904	1	0
2730026	1	0
2730817	0	1
2731089	0	1
2733441	1	0
2733483	0	1
2737392	0	1
2738539	1	0
2741315	0	1
2742566	1	0
2742953	0	1
2743422	1	0
2744437	1	0
2748799	1	0
2749071	1	0
2750022	1	0
2750584	0	1
2752542	0	1
2754707	0	1
2755444	1	0
2755749	0	1
2755842	1	0
2756138	1	0
2756562	1	0
2757780	0	1
2760532	0	1
2760715	1	0
2764947	1	0
2766479	0	1
2768285	1	0
2773707	0	1
2774425	1	0
2775436	1	0
2776952	1	0
2777911	1	0
2778385	0	1
2778534	1	0
2778982	1	0
2780935	0	1
2782300	1	0
2784455	0	1
2785426	1	0
2785778	0	1
2787096	1	0
2787580	0	1
2787620	0	1
2790735	0	1
2791462	0	1
2792203	1	0
2794005	0	1
2797958	1	0
2798059	1	0
2798312	1	0
2798831	0	1
2799212	1	0
2800124	0	1
2802443	0	1
2805008	1	0
2806216	1	0
2806583	0	1
2806859	1	0
2808672	0	1
2809033	0	1
2810067	0	1
2811911	0	1
2812257	1	0
2812513	1	0
2812568	1	0
2812781	1	0
2815323	0	1
2815471	0	1
2815809	0	1
2815854	1	0
2817358	1	0
2817710	1	0
2818422	1	0
2818622	1	0
2819254	1	0
2819991	1	0
2820845	0	1
2821578	0	1
2821723	1	0
2823697	0	1
2823894	1	0
2824630	1	0
2825054	1	0
2825532	1	0
2827020	0	1
2827993	0	1
2828274	0	1
2829119	0	1
2829672	1	0
2831297	0	1
2831639	0	1
2834124	1	0
2835120	1	0
2836046	1	0
2836436	1	0
2836711	0	1
2837562	0	1
2842904	1	0
2843095	0	1
2843540	0	1
2845690	0	1
2847147	0	1
2847583	0	1
2848087	0	1
2848813	1	0
2850044	0	1
2851738	1	0
2854334	1	0
2855858	1	0
2856219	0	1
2859685	1	0
2861711	1	0
2862201	1	0
2862686	0	1
2865525	0	1
2865705	1	0
2867043	1	0
2867477	1	0
2869817	1	0
2870422	1	0
2872184	0	1
2872469	1	0
2873345	1	0
2875515	1	0
2876190	0	1
2876425	0	1
2877821	0	1
2879687	0	1
2880126	0	1
2880927	1	0
2884002	1	0
2886742	0	1
2888380	0	1
2889572	0	1
2891839	0	1
2895014	1	0
2895018	0	1
2895693	1	0
2896792	0	1
2898557	0	1
2898680	1	0
2899361	0	1
2899799	1	0
2900534	1	0
2901453	1	0
2902891	0	1
2903805	1	0
2905097	0	1
2906261	1	0
2907007	0	1
2907014	1	0
2907303	0	1
2907818	0	1
2908030	1	0
2909247	0	1
2910508	0	1
2911433	0	1
2911949	1	0
2913361	1	0
2913643	0	1
2913651	0	1
2915421	0	1
2916203	1	0
2917799	0	1
2918072	0	1
2918159	1	0
2918793	0	1
2920381	0	1
2920526	1	0
2920817	1	0
2921624	1	0
2922918	0	1
2924767	1	0
2924922	0	1
2926228	1	0
2926882	0	1
2928361	0	1
2928665	1	0
2929666	0	1
2929918	0	1
2929944	0	1
2930834	1	0
2931106	0	1
2932462	1	0
2933488	0	1
2935476	0	1
2936142	1	0
2942209	1	0
2943175	0	1
2944044	1	0
2945889	0	1
2947023	1	0
2947623	1	0
2948519	0	1
2948799	0	1
2949466	1	0
2949507	0	1
2950335	0	1
2950763	0	1
2951761	1	0
2951801	0	1
2952881	1	0
2953344	0	1
2954493	0	1
2956252	0	1
2957026	1	0
2958477	0	1
2958841	1	0
2967599	1	0
2967970	0	1
2971739	1	0
2972066	1	0
2972984	0	1
2975279	0	1
2976960	1	0
2978590	0	1
2979364	0	1
2981235	0	1
2984601	1	0
2985378	1	0
2986379	1	0
2986471	1	0
2987132	0	1
2987972	1	0
2990978	1	0
2991135	1	0
2992886	0	1
2993937	1	0
2995181	0	1
2995222	1	0
2995434	1	0
2995880	1	0
2995887	1	0
2997362	0	1
3000084	0	1
3001140	0	1
3002185	0	1
3003460	0	1
3003940	0	1
3004549	1	0
3005690	1	0
3007898	0	1
3008199	1	0
3008728	0	1
3010539	1	0
3011095	0	1
3011161	1	0
3011388	0	1
3011676	0	1
3012587	0	1
3013931	0	1
3016760	1	0
3019864	1	0
3020354	1	0
3022220	0	1
3022663	0	1
3023276	1	0
3023738	0	1
3024450	0	1
3024773	0	1
3025286	0	1
3025460	1	0
3029855	1	0
3030790	0	1
3034210	1	0
3036038	1	0
3036854	0	1
3038727	0	1
3040046	1	0
3040529	1	0
3041512	0	1
3043173	1	0
3043659	1	0
3043676	1	0
3044093	0	1
3046217	0	1
3049762	1	0
3051071	1	0
3051261	1	0
3053150	1	0
3054148	1	0
3056017	0	1
3058625	1	0
3062554	1	0
3063971	1	0
3066538	0	1
3068347	0	1
3070078	1	0
3072688	0	1
3076106	0	1
3079203	1	0
3079875	0	1
3079992	1	0
3082351	0	1
3083383	1	0
3084425	1	0
3086750	1	0
3086794	0	1
3089598	0	1
3089645	1	0
3091220	0	1
3092401	0	1
3093770	0	1
3094395	0	1
3094825	1	0
3095775	1	0
3098668	0	1
3099779	1	0
3101230	0	1
3102007	0	1
3106780	1	0
3108589	0	1
3109174	1	0
3110587	1	0
3111630	1	0
3114502	0	1
3114931	0	1
3115084	1	0
3115367	0	1
3116020	0	1
3118586	1	0
3119008	0	1
3120321	0	1
3121624	0	1
3122323	1	0
3122392	1	0
3124213	1	0
3124681	1	0
3125359	0	1
3125991	1	0
3127444	1	0
3127565	1	0
3128629	0	1
3128650	1	0
3134084	0	1
3135301	0	1
3135948	0	1
3136160	1	0
3137751	1	0
3140900	1	0
3141411	1	0
3143350	1	0
3143802	0	1
3148003	0	1
3149619	0	1
3150927	1	0
3154486	0	1
3154904	1	0
3158333	1	0
3159844	0	1
3161811	1	0
3162941	0	1
3165334	1	0
3166932	0	1
3167144	0	1
3168408	0	1
3168845	0	1
3172145	0	1
3172440	1	0
3172889	0	1
3172955	0	1
3173746	1	0
3174833	1	0
3175969	0	1
3179112	1	0
3179681	1	0
3180472	1	0
3183012	0	1
3184159	1	0
3185574	0	1
3186009	0	1
3186900	1	0
3188193	0	1
3188384	1	0
3188429	0	1
3188590	1	0
3189456	0	1
3189489	1	0
3190801	1	0
3190938	0	1
3191324	0	1
3192066	1	0
3192231	0	1
3192652	1	0
3192681	0	1
3198283	0	1
3199544	0	1
3200178	1	0
3200214	0	1
3200873	1	0
3201677	1	0
3205241	0	1
3205677	1	0
3206949	0	1
3208408	1	0
3208683	1	0
3209623	0	1
3211682	1	0
3211818	0	1
3213060	0	1
3213096	1	0
3213106	1	0
3213188	0	1
3214064	0	1
3217529	0	1
3218223	0	1
3218327	0	1
3220961	1	0
3221938	1	0
3222450	1	0
3226846	1	0
3230558	0	1
3230960	1	0
3231260	1	0
3232445	0	1
3234909	1	0
3235457	0	1
3236634	1	0
3236870	0	1
3237159	0	1
3239069	0	1
3239286	1	0
3239699	1	0
3241258	0	1
3241279	1	0
3241323	0	1
3241775	1	0
3242323	0	1
3242923	0	1
3245117	1	0
3245166	0	1
3245758	1	0
3247114	1	0
3247320	0	1
3249920	1	0
3251303	1	0
3251467	1	0
3251778	0	1
3253602	1	0
3254291	0	1
3255175	1	0
3258087	0	1
3258285	0	1
3262730	1	0
3262789	0	1
3262929	0	1
3263266	0	1
3265456	0	1
3266268	0	1
3267680	0	1
3267936	0	1
3268180	1	0
3269161	0	1
3270958	1	0
3271786	0	1
3274502	0	1
3275942	1	0
3276324	0	1
3276681	1	0
3277306	0	1
3279190	0	1
3282895	1	0
3285534	1	0
3285939	1	0
3286648	0	1
3287909	1	0
3288964	1	0
3289622	0	1
3289765	0	1
3291426	1	0
3291549	0	1
3294229	1	0
3296883	1	0
3298526	1	0
3299415	1	0
3301016	0	1
3301686	0	1
3303815	1	0
3305873	0	1
3306099	1	0
3306609	0	1
3307171	0	1
3307775	0	1
3308890	1	0
3308947	0	1
3310385	0	1
3310686	1	0
3311404	0	1
3312203	0	1
3312775	1	0
3313420	0	1
3313685	1	0
3313780	1	0
3314849	0	1
3316057	0	1
3316267	0	1
3316617	1	0
3317067	1	0
3319435	1	0
3319657	0	1
3320728	0	1
3321848	0	1
3322409	0	1
3322985	1	0
3327246	1	0
3328321	1	0
3329731	0	1
3330631	1	0
3332018	0	1
3333257	1	0
3333467	1	0
3334011	0	1
3334834	0	1
3335017	0	1
3335619	1	0
3335965	0	1
3338472	0	1
3339029	1	0
3339372	1	0
3340072	1	0
3341604	1	0
3341695	1	0
3341961	1	0
3343541	0	1
3345401	1	0
3346683	0	1
3349501	1	0
3349748	1	0
3351369	1	0
3354691	1	0
3354909	0	1
3355282	0	1
3356337	0	1
3356900	1	0
3358464	1	0
3358544	1	0
3358778	1	0
3360457	1	0
3365159	1	0
3368695	0	1
3371779	1	0
3371962	0	1
3372173	0	1
3372273	0	1
3373316	0	1
3376170	0	1
3377182	0	1
3379211	0	1
3379490	0	1
3382141	1	0
3382418	1	0
3382494	1	0
3383224	0	1
3384304	1	0
3389012	0	1
3389141	1	0
3389568	1	0
3389717	0	1
3390377	0	1
3390832	1	0
3391792	1	0
3392363	0	1
3395875	0	1
3397955	0	1
3400586	0	1
3400771	0	1
3401912	1	0
3402235	1	0
3404937	1	0
3404958	1	0
3405107	0	1
3405736	0	1
3406422	1	0
3406855	0	1
3406990	0	1
3407159	0	1
3407670	0	1
3411685	1	0
3411995	1	0
3413829	0	1
3414228	0	1
3414279	0	1
3414301	1	0
3414522	0	1
3415349	0	1
3417229	0	1
3418969	0	1
3419549	0	1
3420419	1	0
3422662	0	1
3425092	0	1
3425606	0	1
3425612	0	1
3425677	0	1
3427462	1	0
3427887	0	1
3428763	0	1
3429048	1	0
3431552	1	0
3432485	1	0
3433484	1	0
3433937	0	1
3434894	0	1
3434897	0	1
3435330	1	0
3435902	0	1
3436348	1	0
3436468	0	1
3437452	1	0
3439523	1	0
3443332	0	1
3444249	0	1
3445450	1	0
3445909	0	1
3446125	0	1
3446314	1	0
3448071	1	0
3449839	0	1
3450103	0	1
3450815	1	0
3452017	1	0
3452196	0	1
3454248	1	0
3455538	1	0
3456811	1	0
3458422	1	0
3464230	0	1
3465332	1	0
3467996	0	1
3468720	0	1
3470137	0	1
3473595	1	0
3475050	0	1
3475532	1	0
3476822	1	0
3477399	1	0
3477918	0	1
3479174	1	0
3479407	0	1
3480296	1	0
3484178	1	0
3484824	0	1
3485104	1	0
3485948	0	1
3488399	1	0
3490864	0	1
3493209	1	0
3493225	1	0
3493640	0	1
3505627	0	1
3505797	1	0
3506695	1	0
3508776	1	0
3508950	1	0
3510398	0	1
3511291	1	0
3511579	1	0
3514390	0	1
3514657	0	1
3516016	0	1
3517816	0	1
3518919	0	1
3520241	0	1
3520410	1	0
3520901	0	1
3522080	0	1
3522751	0	1
3524205	1	0
3526752	0	1
3527034	1	0
3530148	0	1
3530792	0	1
3534614	1	0
3535895	1	0
3537976	0	1
3538940	1	0
3539950	0	1
3540479	0	1
3540664	0	1
3541310	1	0
3541633	1	0
3541678	1	0
3542107	0	1
3542373	1	0
3545151	0	1
3545264	1	0
3545535	1	0
3547158	1	0
3550512	0	1
3550899	0	1
3550928	1	0
3555236	0	1
3556764	0	1
3557260	1	0
3558113	0	1
3559332	0	1
3559957	0	1
3562724	0	1
3564451	1	0
3568565	0	1
3569142	0	1
3572831	0	1
3573701	1	0
3575072	0	1
3576851	1	0
3579060	0	1
3579733	0	1
3580525	1	0
3582791	0	1
3584477	1	0
3588246	1	0
3593434	0	1
3593697	1	0
3594042	1	0
3595720	1	0
3597554	0	1
3598786	1	0
3601583	0	1
3601970	0	1
3602523	0	1
3603433	0	1
3603938	1	0
3604989	0	1
3606519	0	1
3606851	1	0
3607737	1	0
3614347	0	1
3614870	1	0
3614918	0	1
3617185	1	0
3618118	0	1
3618191	1	0
3621137	0	1
3621828	1	0
3625359	1	0
3626045	1	0
3626152	1	0
3626528	1	0
3627103	0	1
3628955	1	0
3629228	1	0
3629980	0	1
3632733	1	0
3633751	0	1
3633897	0	1
3633931	0	1
3635562	1	0
3640720	0	1
3642770	0	1
3644699	0	1
3646199	0	1
3648315	0	1
3648370	0	1
3648780	0	1
3650365	0	1
3653054	1	0
3654551	0	1
3654810	1	0
3658481	1	0
3661596	0	1
3661717	0	1
3662003	1	0
3662432	1	0
3664220	0	1
3666835	0	1
3667986	0	1
3668283	1	0
3668998	0	1
3669196	0	1
3672520	0	1
3674448	1	0
3675400	0	1
3676206	1	0
3676344	1	0
3676856	1	0
3677028	0	1
3679061	1	0
3680111	0	1
3680455	0	1
3680794	0	1
3681197	1	0
3681690	1	0
3682344	0	1
3682815	1	0
3684332	0	1
3684380	0	1
3684911	1	0
3686734	0	1
3690548	0	1
3692712	0	1
3693080	1	0
3693434	1	0
3693716	0	1
3696570	1	0
3696933	0	1
3698826	1	0
3699230	0	1
3699275	1	0
3701038	0	1
3702765	1	0
3702890	1	0
3703418	0	1
3707368	0	1
3707606	1	0
3707727	0	1
3708931	1	0
3712495	1	0
3712687	0	1
3713646	0	1
3715182	0	1
3715434	1	0
3715450	0	1
3718365	1	0
3718413	0	1
3718810	1	0
3720216	1	0
3720665	0	1
3720679	0	1
3721821	0	1
3722312	1	0
3722531	1	0
3727263	1	0
3727504	0	1
3729236	0	1
3732187	0	1
3734796	0	1
3735068	0	1
3735429	1	0
3735454	0	1
3739026	1	0
3741934	0	1
3743141	0	1
3743296	1	0
3743551	1	0
3744698	1	0
3745085	1	0
3745561	0	1
3745811	1	0
3746092	0	1
3746922	0	1
3747873	1	0
3748829	0	1
3756635	1	0
3756820	1	0
3758702	0	1
3760807	0	1
3761979	1	0
3762808	1	0
3765793	0	1
3768141	0	1
3768210	0	1
3772604	0	1
3772614	1	0
3773749	0	1
3774882	0	1
3777279	1	0
3777927	0	1
3778055	1	0
3779217	1	0
3779251	1	0
3779850	0	1
3785476	0	1
3788183	1	0
3788404	1	0
3790542	0	1
3792763	0	1
3796274	0	1
3796613	1	0
3797535	1	0
3799877	1	0
3801344	1	0
3802546	0	1
3803953	0	1
3804317	1	0
3804352	0	1
3806129	0	1
3806657	1	0
3807288	0	1
3808552	0	1
3809979	1	0
3810282	1	0
3812613	0	1
3813251	1	0
3814583	0	1
3819107	0	1
3820216	1	0
3820809	0	1
3822096	1	0
3823025	1	0
3823828	0	1
3825585	0	1
3829029	1	0
3829899	1	0
3830023	1	0
3831147	1	0
3831522	0	1
3831576	1	0
3833645	0	1
3834070	0	1
3836071	1	0
3836964	1	0
3837474	0	1
3837977	1	0
3838035	1	0
3839054	0	1
3841367	1	0
3841484	0	1
3841638	0	1
3842643	0	1
3844082	0	1
3845664	0	1
3846165	0	1
3846217	1	0
3846931	0	1
3847273	1	0
3847275	0	1
3848818	0	1
3852867	0	1
3853529	0	1
3854005	1	0
3855081	1	0
3857628	0	1
3859740	0	1
3861279	0	1
3862034	1	0
3863597	1	0
3863922	1	0
3864368	1	0
3866373	0	1
3869917	0	1
3870198	1	0
3870666	0	1
3870675	0	1
3871428	0	1
3871743	0	1
3873110	0	1
3874758	0	1
3874927	1	0
3875042	1	0
3878199	0	1
3878857	1	0
3879874	0	1
3884277	1	0
3886174	1	0
3886699	0	1
3886819	1	0
3887843	1	0
3888390	0	1
3888420	1	0
3890386	0	1
3891034	1	0
3892163	0	1
3894042	0	1
3897811	1	0
3899074	0	1
3899580	0	1
3899736	1	0
3899839	1	0
3900353	1	0
3901795	1	0
3903379	0	1
3903690	0	1
3903806	1	0
3904292	0	1
3905350	1	0
3907223	1	0
3908229	0	1
3908680	1	0
3909985	1	0
3910396	0	1
3911806	1	0
3914265	0	1
3915623	1	0
3916735	0	1
3917225	0	1
3920016	1	0
3926006	1	0
3928009	1	0
3929146	1	0
3929350	0	1
3929855	1	0
3930465	0	1
3930926	1	0
3931714	1	0
3932972	1	0
3933292	0	1
3933676	1	0
3933835	0	1
3934325	0	1
3935243	0	1
3936140	1	0
3943366	1	0
3948657	0	1
3949422	1	0
3954189	0	1
3954511	0	1
3955550	0	1
3956356	0	1
3960928	0	1
3963340	0	1
3963662	0	1
3964434	0	1
3964680	1	0
3965684	0	1
3967787	0	1
3967836	1	0
3968120	1	0
3973175	0	1
3977493	1	0
3978577	0	1
3979962	0	1
3980386	0	1
3984436	0	1
3985913	1	0
3987378	0	1
3987393	0	1
3989949	0	1
3991957	1	0
3993497	1	0
3995297	0	1
3995524	0	1
3997215	0	1
3997351	0	1
3998987	1	0
3998991	1	0
4000987	0	1
4001889	0	1
4002194	1	0
4003936	1	0
4004442	1	0
4007312	1	0
4007577	0	1
4011295	0	1
4016003	0	1
4016487	0	1
4019132	0	1
4021593	0	1
4022330	1	0
4022933	0	1
4023376	0	1
4030036	0	1
4030430	0	1
4033808	0	1
4034554	0	1
4038206	1	0
4040639	1	0
4040865	0	1
4042004	1	0
4043496	0	1
4044190	1	0
4044197	1	0
4044722	0	1
4047156	0	1
4047243	0	1
4047392	0	1
4049005	0	1
4049968	1	0
4050887	1	0
4051511	0	1
4052745	1	0
4055287	1	0
4055720	0	1
4058203	0	1
4058922	0	1
4059849	0	1
4061593	0	1
4061993	0	1
4065387	0	1
4067001	0	1
4068287	0	1
4068712	1	0
4070299	1	0
4070696	1	0
4072956	1	0
4072972	0	1
4073215	0	1
4074303	1	0
4075964	0	1
4076868	0	1
4079670	0	1
4084634	0	1
4085466	1	0
4087414	1	0
4088324	1	0
4089783	0	1
4090123	1	0
4090278	1	0
4095428	0	1
4097677	1	0
4098125	1	0
4099300	0	1
4099938	1	0
4100197	0	1
4100921	0	1
4101392	1	0
4101415	0	1
4102069	1	0
4105451	0	1
4107799	1	0
4108937	0	1
4109449	0	1
4109800	0	1
4113964	1	0
4115073	0	1
4115401	0	1
4115784	0	1
4120061	0	1
4120425	0	1
4120576	0	1
4120847	0	1
4122785	0	1
4124430	1	0
4125198	0	1
4127303	1	0
4128275	1	0
4128987	1	0
4129154	0	1
4132025	1	0
4132455	1	0
4133732	0	1
4139293	0	1
4139573	0	1
4144049	1	0
4145459	1	0
4145643	1	0
4147614	1	0
4151656	0	1
4152759	0	1
4154314	0	1
4154350	0	1
4160371	0	1
4160883	0	1
4160916	0	1
4163120	0	1
4167947	0	1
4169731	1	0
4169735	0	1
4169823	1	0
4170993	0	1
4171539	0	1
4174386	0	1
4177144	1	0
4182987	0	1
4184664	1	0
4187456	1	0
4187970	0	1
4188128	1	0
4190801	1	0
4191284	0	1
4192009	1	0
4193394	0	1
4194633	0	1
4195362	1	0
4196013	1	0
4196188	0	1
4197206	0	1
4197560	0	1
4199434	0	1
4200932	0	1
4201032	0	1
4207076	0	1
4209097	1	0
4209442	1	0
4209484	1	0
4210352	1	0
4210932	1	0
4211986	0	1
4213423	0	1
4215550	1	0
4215569	0	1
4217239	0	1
4217706	1	0
4223435	1	0
4225931	0	1
4227027	1	0
4228241	0	1
4228526	0	1
4228868	0	1
4229091	1	0
4229724	0	1
4229883	0	1
4230838	0	1
4232195	1	0
4232369	1	0
4232932	0	1
4233030	1	0
4234025	1	0
4235426	1	0
4236700	0	1
4238941	0	1
4239300	1	0
4240584	1	0
4241065	0	1
4241189	0	1
4241675	0	1
4241774	1	0
4246018	0	1
4247750	1	0
4247893	1	0
4249950	0	1
4250529	0	1
4253760	1	0
4254672	1	0
4257420	1	0
4257753	1	0
4258363	1	0
4258973	1	0
4259110	0	1
4259646	1	0
4261083	0	1
4261921	1	0
4264739	0	1
4265158	0	1
4265743	1	0
4266258	1	0
4267328	0	1
4267606	0	1
4267860	0	1
4271599	0	1
4272229	0	1
4273408	0	1
4273484	0	1
4273687	1	0
4273823	1	0
4276052	1	0
4276198	1	0
4277167	1	0
4277393	0	1
4277829	1	0
4280685	0	1
4282016	0	1
4286435	1	0
4287656	0	1
4287669	0	1
4288386	1	0
4288417	1	0
4288920	0	1
4289796	1	0
4290938	0	1
4291302	1	0
4292392	1	0
4293062	1	0
4294004	1	0
4294295	1	0
4294523	0	1
4296396	0	1
4296930	1	0
4298308	0	1
4299419	0	1
4302482	1	0
4305316	0	1
4306097	1	0
4306403	0	1
4307737	0	1
4309088	1	0
4310660	1	0
4313833	1	0
4315867	1	0
4317176	1	0
4318401	1	0
4318720	1	0
4320125	1	0
4322371	1	0
4325777	1	0
4329089	1	0
4330187	0	1
4330589	0	1
4331131	0	1
4339265	0	1
4340259	1	0
4342515	0	1
4343727	1	0
4344670	1	0
4345242	0	1
4346271	1	0
4346281	0	1
4349071	0	1
4350170	1	0
4350203	0	1
4352476	1	0
4352670	0	1
4352712	1	0
4353540	0	1
4357853	1	0
4357985	1	0
4358076	1	0
4360902	0	1
4363198	0	1
4365484	0	1
4366325	0	1
4367069	1	0
4367753	1	0
4368917	0	1
4370658	1	0
4372703	0	1
4374121	1	0
4375223	0	1
4375932	1	0
4376446	0	1
4376896	1	0
4377365	0	1
4378896	0	1
4380812	0	1
4382026	0	1
4382363	1	0
4382652	0	1
4384587	0	1
4389717	0	1
4389739	0	1
4390121	0	1
4392216	1	0
4393909	1	0
4394286	0	1
4395365	1	0
4396540	1	0
4398244	0	1
4399075	1	0
4399767	1	0
4400258	0	1
4400621	1	0
4400751	0	1
4402135	0	1
4403611	0	1
4405161	1	0
4405166	1	0
4405935	1	0
4406110	1	0
4407107	0	1
4412304	0	1
4413226	0	1
4413852	0	1
4416093	0	1
4420690	0	1
4421142	1	0
4423308	0	1
4430716	0	1
4430875	0	1
4431885	0	1
4434124	0	1
4434754	0	1
4435541	1	0
4437394	1	0
4437532	1	0
4438128	1	0
4439234	0	1
4439598	0	1
4442041	1	0
4443977	1	0
4448467	0	1
4449454	1	0
4449605	1	0
4453282	1	0
4455678	1	0
4456726	1	0
4459139	1	0
4461984	1	0
4463979	0	1
4465108	1	0
4466382	1	0
4468862	0	1
4470160	1	0
4470469	0	1
4472037	1	0
4473050	1	0
4473458	1	0
4473460	0	1
4473818	0	1
4475311	0	1
4478119	1	0
4480487	0	1
4480640	0	1
4480739	1	0
4482650	1	0
4483097	1	0
4483520	0	1
4483523	0	1
4483662	0	1
4483857	0	1
4484089	1	0
4484875	1	0
4487118	0	1
4489348	0	1
4492558	1	0
4493340	1	0
4494984	0	1
4495878	1	0
4495947	0	1
4496059	0	1
4496436	0	1
4501763	0	1
4503333	0	1
4503749	0	1
4505382	0	1
4506826	0	1
4506885	1	0
4507483	1	0
4509464	0	1
4509573	0	1
4512449	0	1
4516010	1	0
4518567	1	0
4518734	1	0
4519844	0	1
4521483	1	0
4524401	1	0
4524536	1	0
4526791	1	0
4527226	1	0
4528422	1	0
4530118	1	0
4532119	0	1
4532585	1	0
4533832	1	0
4534284	1	0
4542797	0	1
4545043	0	1
4545756	0	1
4548573	0	1
4550331	1	0
4553852	1	0
4554103	0	1
4554569	0	1
4554701	0	1
4555212	0	1
4555852	1	0
4557187	0	1
4558038	1	0
4559724	0	1
4560143	0	1
4560397	1	0
4561033	1	0
4561802	1	0
4562533	0	1
4565797	1	0
4566216	1	0
4566795	1	0
4567118	0	1
4567738	0	1
4568397	0	1
4569539	0	1
4569974	1	0
4570375	1	0
4572068	0	1
4575281	1	0
4575455	0	1
4575724	1	0
4575915	1	0
4577449	1	0
4577770	1	0
4579007	0	1
4579308	0	1
4581578	0	1
4582085	0	1
4583562	0	1
4583777	0	1
4584264	0	1
4584735	1	0
4586079	0	1
4587602	0	1
4590089	0	1
4590359	0	1
4592264	1	0
4593923	0	1
4595010	0	1
4596410	0	1
4596536	1	0
4596748	0	1
4597464	1	0
4599121	0	1
4599366	1	0
4600023	1	0
4600942	0	1
4604587	0	1
4604663	0	1
4607017	0	1
4612542	1	0
4612957	0	1
4615900	1	0
4616358	0	1
4618497	1	0
4619318	1	0
4620532	0	1
4620892	1	0
4622443	1	0
4622658	1	0
4623752	0	1
4624661	1	0
4627081	0	1
4627957	1	0
4630005	1	0
4630687	1	0
4631178	1	0
4633241	1	0
4633964	1	0
4634880	1	0
4636028	0	1
4638312	0	1
4639473	0	1
4640168	0	1
4640402	0	1
4642017	1	0
4644880	0	1
4645033	0	1
4645870	0	1
4649504	1	0
4650609	0	1
4651660	0	1
4651748	0	1
4652770	1	0
4654187	0	1
4654399	1	0
4658574	0	1
4658866	0	1
4660360	1	0
4660788	1	0
4660941	0	1
4661344	1	0
4661887	0	1
4662721	0	1
4663077	0	1
4664810	1	0
4667004	1	0
4669091	0	1
4670768	0	1
4671187	1	0
4671502	1	0
4671657	1	0
4672331	0	1
4672453	0	1
4673873	1	0
4677862	0	1
4679741	1	0
4679907	1	0
4679935	0	1
4680479	1	0
4687069	1	0
4687570	1	0
4689353	1	0
4691034	1	0
4692167	1	0
4692778	0	1
4693090	0	1
4698305	1	0
4698396	1	0
4698756	0	1
4699249	0	1
4702452	0	1
4704118	1	0
4704530	1	0
4704770	1	0
4707602	1	0
4709707	1	0
4709760	0	1
4712579	1	0
4713761	1	0
4714577	0	1
4716071	0	1
4716125	1	0
4716660	1	0
4716783	0	1
4718317	0	1
4718994	1	0
4719863	0	1
4720320	1	0
4722390	1	0
4722454	0	1
4722894	0	1
4724085	1	0
4726166	1	0
4727393	0	1
4729141	1	0
4729173	0	1
4729566	0	1
4729624	0	1
4730548	0	1
4736577	0	1
4736596	1	0
4737371	1	0
4737378	0	1
4738643	1	0
4738913	1	0
4740576	0	1
4740808	0	1
4743159	0	1
4743467	1	0
4744046	0	1
4744396	1	0
4746594	1	0
4747493	1	0
4750253	0	1
4750439	1	0
4751361	1	0
4753359	1	0
4758657	1	0
4760149	0	1
4760419	0	1
4762320	0	1
4762424	1	0
4764342	0	1
4766687	0	1
4767779	0	1
4768684	0	1
4772359	1	0
4772360	1	0
4772373	0	1
4772760	1	0
4773700	0	1
4774737	0	1
4775356	0	1
4775818	0	1
4776120	0	1
4778267	0	1
4778774	0	1
4779678	1	0
4781901	0	1
4783165	1	0
4783866	0	1
4784126	1	0
4784802	1	0
4785688	1	0
4791907	0	1
4792353	0	1
4792595	0	1
4792928	1	0
4793245	1	0
4793351	1	0
4793957	0	1
4794404	0	1
4797318	0	1
4799338	1	0
4799492	1	0
4802026	1	0
4802181	1	0
4803879	0	1
4805013	1	0
4805135	0	1
4808277	1	0
4811044	1	0
4813520	1	0
4814135	1	0
4814472	1	0
4822266	1	0
4824532	0	1
4824590	0	1
4825213	1	0
4827442	0	1
4828444	0	1
4828823	1	0
4830922	1	0
4831327	1	0
4831328	1	0
4831679	0	1
4838365	0	1
4839789	0	1
4840122	1	0
4841667	1	0
4843215	1	0
4844580	0	1
4844678	0	1
4845049	1	0
4847777	0	1
4849546	1	0
4849791	1	0
4850264	1	0
4851367	1	0
4853702	0	1
4854001	1	0
4854144	0	1
4854786	1	0
4858031	0	1
4858434	0	1
4858587	1	0
4858664	1	0
4859242	0	1
4859294	1	0
4860460	0	1
4861949	0	1
4862772	1	0
4864574	1	0
4865501	1	0
4867117	1	0
4867467	0	1
4869287	1	0
4870216	1	0
4871845	0	1
4872634	0	1
4873574	0	1
4873631	0	1
4874527	0	1
4874732	0	1
4874937	1	0
4875695	0	1
4876840	0	1
4877400	0	1
4877634	1	0
4879437	0	1
4883835	0	1
4885599	0	1
4885706	1	0
4888157	1	0
4888251	1	0
4889016	0	1
4892539	0	1
4892947	0	1
4893130	1	0
4895045	0	1
4898564	0	1
4899090	0	1
4899443	0	1
4899712	0	1
4904115	0	1
4905261	1	0
4907883	1	0
4908375	0	1
4908453	0	1
4909260	1	0
4909570	1	0
4910546	0	1
4911576	0	1
4912041	1	0
4912531	0	1
4912564	0	1
4913291	1	0
4913813	0	1
4915101	1	0
4917720	0	1
4918625	0	1
4918741	1	0
4922354	0	1
4924556	1	0
4925163	1	0
4925699	0	1
4929404	1	0
4930031	0	1
4931378	1	0
4937007	0	1
4937057	0	1
4937561	0	1
4937912	1	0
4941319	1	0
4942387	0	1
4942461	1	0
4944337	0	1
4945873	1	0
4947320	0	1
4951476	0	1
4954244	0	1
4956110	1	0
4956446	1	0
4956644	1	0
4956977	0	1
4957284	0	1
4958403	0	1
4959853	0	1
4960853	1	0
4960931	0	1
4961533	0	1
4966110	1	0
4967695	0	1
4968311	0	1
4969796	1	0
4970207	1	0
4970315	0	1
4971316	1	0
4971773	1	0
4972649	1	0
4975745	1	0
4977151	1	0
4978864	0	1
4979009	1	0
4979880	0	1
4980571	0	1
4981959	0	1
4982412	0	1
4983056	0	1
4988340	0	1
4988503	0	1
4988801	0	1
4989166	1	0
4990756	0	1
4992423	1	0
4994471	0	1
4995111	1	0
4997662	1	0
4999255	1	0
5000920	0	1
5003221	0	1
5004543	0	1
5005275	0	1
5005317	0	1
5006524	0	1
5007630	1	0
5008854	0	1
5009374	0	1
5010453	1	0
5010705	0	1
5012104	0	1
5012204	0	1
5014977	1	0
5015302	1	0
5015766	1	0
5018646	0	1
5021513	1	0
5023925	0	1
5024453	1	0
5027554	1	0
5029524	1	0
5030955	1	0
5034022	1	0
5036060	1	0
5036797	0	1
5037320	0	1
5037988	1	0
5038073	1	0
5038675	1	0
5039256	1	0
5041932	0	1
5044859	1	0
5049256	0	1
5049787	1	0
5051363	0	1
5052700	0	1
5053071	1	0
5055791	1	0
5056113	0	1
5057949	1	0
5058158	1	0
5058309	1	0
5060008	0	1
5061004	0	1
5061784	1	0
5063792	1	0
5064385	1	0
5066944	0	1
5071309	0	1
5076467	0	1
5076901	1	0
5077616	0	1
5079337	0	1
