node_id	read_id	molecule_id	position	start	end	read_type
0	read_000000	mol_000000	3191	3191	20163	theory_fixed
1	read_000001	mol_000001	3631	3631	17124	theory_fixed
2	read_000002	mol_000002	4263	4263	24280	theory_fixed
3	read_000003	mol_000003	5901	5901	28013	theory_fixed
4	read_000004	mol_000004	6154	6154	27278	theory_fixed
5	read_000005	mol_000005	6570	6570	26566	theory_fixed
6	read_000006	mol_000006	7099	7099	31681	theory_fixed
7	read_000007	mol_000007	7657	7657	27209	theory_fixed
8	read_000008	mol_000008	7906	7906	26669	theory_fixed
9	read_000009	mol_000009	7967	7967	29040	theory_fixed
10	read_000010	mol_000010	9078	9078	21121	theory_fixed
11	read_000011	mol_000011	9503	9503	34997	theory_fixed
12	read_000012	mol_000012	10699	10699	22996	theory_fixed
13	read_000013	mol_000013	10749	10749	33767	theory_fixed
14	read_000014	mol_000014	11046	11046	26247	theory_fixed
15	read_000015	mol_000015	11303	11303	33198	theory_fixed
16	read_000016	mol_000016	11344	11344	20621	theory_fixed
17	read_000017	mol_000017	11745	11745	29447	theory_fixed
18	read_000018	mol_000018	12115	12115	29582	theory_fixed
19	read_000019	mol_000019	12289	12289	28816	theory_fixed
20	read_000020	mol_000020	12323	12323	32477	theory_fixed
21	read_000021	mol_000021	17347	17347	31336	theory_fixed
22	read_000022	mol_000022	17633	17633	34506	theory_fixed
23	read_000023	mol_000023	17772	17772	31355	theory_fixed
24	read_000024	mol_000024	18073	18073	34910	theory_fixed
25	read_000025	mol_000025	18752	18752	34513	theory_fixed
26	read_000026	mol_000026	19169	19169	37126	theory_fixed
27	read_000027	mol_000027	19623	19623	40431	theory_fixed
28	read_000028	mol_000028	19816	19816	38969	theory_fixed
29	read_000029	mol_000029	19975	19975	33243	theory_fixed
30	read_000030	mol_000030	21172	21172	46403	theory_fixed
31	read_000031	mol_000031	22431	22431	42107	theory_fixed
32	read_000032	mol_000032	23236	23236	44747	theory_fixed
33	read_000033	mol_000033	23312	23312	44876	theory_fixed
34	read_000034	mol_000034	23429	23429	38890	theory_fixed
35	read_000035	mol_000035	23752	23752	41621	theory_fixed
36	read_000036	mol_000036	24354	24354	47274	theory_fixed
37	read_000037	mol_000037	25559	25559	44016	theory_fixed
38	read_000038	mol_000038	25592	25592	39774	theory_fixed
39	read_000039	mol_000039	26155	26155	45411	theory_fixed
40	read_000040	mol_000040	26385	26385	37136	theory_fixed
41	read_000041	mol_000041	26806	26806	50198	theory_fixed
42	read_000042	mol_000042	27723	27723	46642	theory_fixed
43	read_000043	mol_000043	27856	27856	47456	theory_fixed
44	read_000044	mol_000044	28141	28141	42340	theory_fixed
45	read_000045	mol_000045	28380	28380	44340	theory_fixed
46	read_000046	mol_000046	28625	28625	46510	theory_fixed
47	read_000047	mol_000047	29257	29257	48543	theory_fixed
48	read_000048	mol_000048	29301	29301	49882	theory_fixed
49	read_000049	mol_000049	29402	29402	40428	theory_fixed
50	read_000050	mol_000050	29956	29956	51953	theory_fixed
51	read_000051	mol_000051	29984	29984	51709	theory_fixed
52	read_000052	mol_000052	31007	31007	42685	theory_fixed
53	read_000053	mol_000053	31348	31348	48297	theory_fixed
54	read_000054	mol_000054	31585	31585	44057	theory_fixed
55	read_000055	mol_000055	31598	31598	52271	theory_fixed
56	read_000056	mol_000056	32733	32733	50517	theory_fixed
57	read_000057	mol_000057	33320	33320	54557	theory_fixed
58	read_000058	mol_000058	34084	34084	56277	theory_fixed
59	read_000059	mol_000059	34594	34594	58622	theory_fixed
60	read_000060	mol_000060	34701	34701	53075	theory_fixed
61	read_000061	mol_000061	34707	34707	53034	theory_fixed
62	read_000062	mol_000062	35954	35954	48559	theory_fixed
63	read_000063	mol_000063	36035	36035	48505	theory_fixed
64	read_000064	mol_000064	36321	36321	57501	theory_fixed
65	read_000065	mol_000065	36487	36487	51486	theory_fixed
66	read_000066	mol_000066	37265	37265	57792	theory_fixed
67	read_000067	mol_000067	37641	37641	52042	theory_fixed
68	read_000068	mol_000068	38067	38067	56482	theory_fixed
69	read_000069	mol_000069	39062	39062	51258	theory_fixed
70	read_000070	mol_000070	39279	39279	51760	theory_fixed
71	read_000071	mol_000071	39499	39499	54502	theory_fixed
72	read_000072	mol_000072	40809	40809	53533	theory_fixed
73	read_000073	mol_000073	42229	42229	60795	theory_fixed
74	read_000074	mol_000074	42534	42534	60593	theory_fixed
75	read_000075	mol_000075	42828	42828	60060	theory_fixed
76	read_000076	mol_000076	43001	43001	60437	theory_fixed
77	read_000077	mol_000077	43642	43642	61225	theory_fixed
78	read_000078	mol_000078	44738	44738	60942	theory_fixed
79	read_000079	mol_000079	44813	44813	69695	theory_fixed
80	read_000080	mol_000080	44936	44936	66723	theory_fixed
81	read_000081	mol_000081	45033	45033	61240	theory_fixed
82	read_000082	mol_000082	45186	45186	56603	theory_fixed
83	read_000083	mol_000083	47837	47837	64655	theory_fixed
84	read_000084	mol_000084	48320	48320	64163	theory_fixed
85	read_000085	mol_000085	48874	48874	62561	theory_fixed
86	read_000086	mol_000086	49104	49104	63991	theory_fixed
87	read_000087	mol_000087	50861	50861	71090	theory_fixed
88	read_000088	mol_000088	51195	51195	72042	theory_fixed
89	read_000089	mol_000089	51226	51226	67101	theory_fixed
90	read_000090	mol_000090	51924	51924	73325	theory_fixed
91	read_000091	mol_000091	53268	53268	74165	theory_fixed
92	read_000092	mol_000092	53352	53352	69304	theory_fixed
93	read_000093	mol_000093	53551	53551	80828	theory_fixed
94	read_000094	mol_000094	53947	53947	68680	theory_fixed
95	read_000095	mol_000095	54624	54624	72199	theory_fixed
96	read_000096	mol_000096	55337	55337	77998	theory_fixed
97	read_000097	mol_000097	56273	56273	75208	theory_fixed
98	read_000098	mol_000098	57022	57022	77238	theory_fixed
99	read_000099	mol_000099	57993	57993	75756	theory_fixed
100	read_000100	mol_000100	59182	59182	81399	theory_fixed
101	read_000101	mol_000101	60428	60428	76930	theory_fixed
102	read_000102	mol_000102	60545	60545	72527	theory_fixed
103	read_000103	mol_000103	61063	61063	86482	theory_fixed
104	read_000104	mol_000104	61367	61367	79893	theory_fixed
105	read_000105	mol_000105	61665	61665	80026	theory_fixed
106	read_000106	mol_000106	61929	61929	83655	theory_fixed
107	read_000107	mol_000107	63037	63037	81368	theory_fixed
108	read_000108	mol_000108	63530	63530	80598	theory_fixed
109	read_000109	mol_000109	63646	63646	86956	theory_fixed
110	read_000110	mol_000110	63936	63936	76076	theory_fixed
111	read_000111	mol_000111	64288	64288	81154	theory_fixed
112	read_000112	mol_000112	66017	66017	85979	theory_fixed
113	read_000113	mol_000113	66150	66150	83288	theory_fixed
114	read_000114	mol_000114	66262	66262	84288	theory_fixed
115	read_000115	mol_000115	67642	67642	84870	theory_fixed
116	read_000116	mol_000116	68008	68008	86467	theory_fixed
117	read_000117	mol_000117	68388	68388	83098	theory_fixed
118	read_000118	mol_000118	68619	68619	86155	theory_fixed
119	read_000119	mol_000119	69274	69274	87371	theory_fixed
120	read_000120	mol_000120	69519	69519	85447	theory_fixed
121	read_000121	mol_000121	70119	70119	89139	theory_fixed
122	read_000122	mol_000122	70326	70326	87268	theory_fixed
123	read_000123	mol_000123	72240	72240	100794	theory_fixed
124	read_000124	mol_000124	72588	72588	88591	theory_fixed
125	read_000125	mol_000125	72715	72715	93597	theory_fixed
126	read_000126	mol_000126	73861	73861	81980	theory_fixed
127	read_000127	mol_000127	74553	74553	94283	theory_fixed
128	read_000128	mol_000128	75388	75388	93007	theory_fixed
129	read_000129	mol_000129	75418	75418	89585	theory_fixed
130	read_000130	mol_000130	75713	75713	94371	theory_fixed
131	read_000131	mol_000131	76329	76329	92893	theory_fixed
132	read_000132	mol_000132	76373	76373	95801	theory_fixed
133	read_000133	mol_000133	76898	76898	98744	theory_fixed
134	read_000134	mol_000134	77454	77454	96627	theory_fixed
135	read_000135	mol_000135	78222	78222	92202	theory_fixed
136	read_000136	mol_000136	78249	78249	99122	theory_fixed
137	read_000137	mol_000137	79083	79083	97052	theory_fixed
138	read_000138	mol_000138	79141	79141	93775	theory_fixed
139	read_000139	mol_000139	79973	79973	94484	theory_fixed
140	read_000140	mol_000140	83186	83186	96593	theory_fixed
141	read_000141	mol_000141	83300	83300	101624	theory_fixed
142	read_000142	mol_000142	83560	83560	102088	theory_fixed
143	read_000143	mol_000143	84080	84080	100505	theory_fixed
144	read_000144	mol_000144	84082	84082	94756	theory_fixed
145	read_000145	mol_000145	85530	85530	98861	theory_fixed
146	read_000146	mol_000146	86231	86231	101387	theory_fixed
147	read_000147	mol_000147	86365	86365	108154	theory_fixed
148	read_000148	mol_000148	86652	86652	103378	theory_fixed
149	read_000149	mol_000149	86988	86988	105972	theory_fixed
150	read_000150	mol_000150	87468	87468	103930	theory_fixed
151	read_000151	mol_000151	87955	87955	106743	theory_fixed
152	read_000152	mol_000152	89613	89613	104968	theory_fixed
153	read_000153	mol_000153	90093	90093	111129	theory_fixed
154	read_000154	mol_000154	91658	91658	111445	theory_fixed
155	read_000155	mol_000155	92324	92324	108863	theory_fixed
156	read_000156	mol_000156	92578	92578	109724	theory_fixed
157	read_000157	mol_000157	92601	92601	115477	theory_fixed
158	read_000158	mol_000158	94018	94018	118057	theory_fixed
159	read_000159	mol_000159	94071	94071	108744	theory_fixed
160	read_000160	mol_000160	94377	94377	110969	theory_fixed
161	read_000161	mol_000161	94914	94914	116067	theory_fixed
162	read_000162	mol_000162	96722	96722	122352	theory_fixed
163	read_000163	mol_000163	97359	97359	115543	theory_fixed
164	read_000164	mol_000164	97661	97661	109903	theory_fixed
165	read_000165	mol_000165	98511	98511	118258	theory_fixed
166	read_000166	mol_000166	98540	98540	113585	theory_fixed
167	read_000167	mol_000167	98818	98818	110539	theory_fixed
168	read_000168	mol_000168	99071	99071	109393	theory_fixed
169	read_000169	mol_000169	99616	99616	115645	theory_fixed
170	read_000170	mol_000170	100689	100689	121712	theory_fixed
171	read_000171	mol_000171	100734	100734	114503	theory_fixed
172	read_000172	mol_000172	101371	101371	119432	theory_fixed
173	read_000173	mol_000173	101376	101376	121591	theory_fixed
174	read_000174	mol_000174	101459	101459	120196	theory_fixed
175	read_000175	mol_000175	101520	101520	128670	theory_fixed
176	read_000176	mol_000176	104211	104211	121815	theory_fixed
177	read_000177	mol_000177	105111	105111	123149	theory_fixed
178	read_000178	mol_000178	105228	105228	122391	theory_fixed
179	read_000179	mol_000179	105423	105423	126872	theory_fixed
180	read_000180	mol_000180	109847	109847	123387	theory_fixed
181	read_000181	mol_000181	109996	109996	127328	theory_fixed
182	read_000182	mol_000182	110017	110017	132033	theory_fixed
183	read_000183	mol_000183	111453	111453	128961	theory_fixed
184	read_000184	mol_000184	112217	112217	130867	theory_fixed
185	read_000185	mol_000185	112356	112356	126142	theory_fixed
186	read_000186	mol_000186	112990	112990	125281	theory_fixed
187	read_000187	mol_000187	114793	114793	134341	theory_fixed
188	read_000188	mol_000188	115374	115374	129867	theory_fixed
189	read_000189	mol_000189	116492	116492	131800	theory_fixed
190	read_000190	mol_000190	116739	116739	135630	theory_fixed
191	read_000191	mol_000191	116953	116953	140755	theory_fixed
192	read_000192	mol_000192	118413	118413	141299	theory_fixed
193	read_000193	mol_000193	118533	118533	135361	theory_fixed
194	read_000194	mol_000194	119735	119735	132690	theory_fixed
195	read_000195	mol_000195	119968	119968	132366	theory_fixed
196	read_000196	mol_000196	120674	120674	140311	theory_fixed
197	read_000197	mol_000197	121789	121789	134753	theory_fixed
198	read_000198	mol_000198	121826	121826	136142	theory_fixed
199	read_000199	mol_000199	121863	121863	138905	theory_fixed
200	read_000200	mol_000200	121999	121999	138078	theory_fixed
201	read_000201	mol_000201	122744	122744	142418	theory_fixed
202	read_000202	mol_000202	123257	123257	139376	theory_fixed
203	read_000203	mol_000203	123618	123618	155355	theory_fixed
204	read_000204	mol_000204	124481	124481	136843	theory_fixed
205	read_000205	mol_000205	124982	124982	143472	theory_fixed
206	read_000206	mol_000206	125341	125341	143506	theory_fixed
207	read_000207	mol_000207	125354	125354	142927	theory_fixed
208	read_000208	mol_000208	125991	125991	137363	theory_fixed
209	read_000209	mol_000209	125995	125995	137518	theory_fixed
210	read_000210	mol_000210	126209	126209	146833	theory_fixed
211	read_000211	mol_000211	127834	127834	146259	theory_fixed
212	read_000212	mol_000212	128232	128232	146388	theory_fixed
213	read_000213	mol_000213	128322	128322	144041	theory_fixed
214	read_000214	mol_000214	131691	131691	148732	theory_fixed
215	read_000215	mol_000215	132028	132028	149194	theory_fixed
216	read_000216	mol_000216	132079	132079	149394	theory_fixed
217	read_000217	mol_000217	132311	132311	152001	theory_fixed
218	read_000218	mol_000218	132632	132632	149231	theory_fixed
219	read_000219	mol_000219	133541	133541	152617	theory_fixed
220	read_000220	mol_000220	134055	134055	164088	theory_fixed
221	read_000221	mol_000221	135044	135044	155093	theory_fixed
222	read_000222	mol_000222	135327	135327	148681	theory_fixed
223	read_000223	mol_000223	135832	135832	152531	theory_fixed
224	read_000224	mol_000224	135870	135870	149924	theory_fixed
225	read_000225	mol_000225	137084	137084	153846	theory_fixed
226	read_000226	mol_000226	137244	137244	156960	theory_fixed
227	read_000227	mol_000227	137478	137478	147990	theory_fixed
228	read_000228	mol_000228	138155	138155	152096	theory_fixed
229	read_000229	mol_000229	138563	138563	153776	theory_fixed
230	read_000230	mol_000230	139978	139978	158093	theory_fixed
231	read_000231	mol_000231	139999	139999	161712	theory_fixed
232	read_000232	mol_000232	140507	140507	157237	theory_fixed
233	read_000233	mol_000233	141214	141214	158452	theory_fixed
234	read_000234	mol_000234	141398	141398	155501	theory_fixed
235	read_000235	mol_000235	141826	141826	155070	theory_fixed
236	read_000236	mol_000236	143326	143326	159470	theory_fixed
237	read_000237	mol_000237	143748	143748	161599	theory_fixed
238	read_000238	mol_000238	144097	144097	163067	theory_fixed
239	read_000239	mol_000239	144353	144353	162695	theory_fixed
240	read_000240	mol_000240	144539	144539	157357	theory_fixed
241	read_000241	mol_000241	144832	144832	162275	theory_fixed
242	read_000242	mol_000242	145271	145271	166087	theory_fixed
243	read_000243	mol_000243	145788	145788	163781	theory_fixed
244	read_000244	mol_000244	146389	146389	162361	theory_fixed
245	read_000245	mol_000245	146470	146470	166973	theory_fixed
246	read_000246	mol_000246	146649	146649	170913	theory_fixed
247	read_000247	mol_000247	147603	147603	166779	theory_fixed
248	read_000248	mol_000248	147977	147977	165599	theory_fixed
249	read_000249	mol_000249	148554	148554	180463	theory_fixed
250	read_000250	mol_000250	148702	148702	167377	theory_fixed
251	read_000251	mol_000251	148757	148757	175021	theory_fixed
252	read_000252	mol_000252	149369	149369	170504	theory_fixed
253	read_000253	mol_000253	149381	149381	166161	theory_fixed
254	read_000254	mol_000254	150322	150322	177029	theory_fixed
255	read_000255	mol_000255	151094	151094	165267	theory_fixed
256	read_000256	mol_000256	151175	151175	167944	theory_fixed
257	read_000257	mol_000257	151563	151563	165280	theory_fixed
258	read_000258	mol_000258	152360	152360	167413	theory_fixed
259	read_000259	mol_000259	152999	152999	168478	theory_fixed
260	read_000260	mol_000260	154249	154249	172891	theory_fixed
261	read_000261	mol_000261	154363	154363	176697	theory_fixed
262	read_000262	mol_000262	155683	155683	180454	theory_fixed
263	read_000263	mol_000263	156104	156104	177048	theory_fixed
264	read_000264	mol_000264	156498	156498	180306	theory_fixed
265	read_000265	mol_000265	157087	157087	177753	theory_fixed
266	read_000266	mol_000266	157661	157661	172850	theory_fixed
267	read_000267	mol_000267	157702	157702	174255	theory_fixed
268	read_000268	mol_000268	157729	157729	173392	theory_fixed
269	read_000269	mol_000269	157732	157732	173847	theory_fixed
270	read_000270	mol_000270	157795	157795	172284	theory_fixed
271	read_000271	mol_000271	158056	158056	175707	theory_fixed
272	read_000272	mol_000272	158285	158285	173484	theory_fixed
273	read_000273	mol_000273	158492	158492	180190	theory_fixed
274	read_000274	mol_000274	159210	159210	182382	theory_fixed
275	read_000275	mol_000275	159476	159476	173871	theory_fixed
276	read_000276	mol_000276	160081	160081	173010	theory_fixed
277	read_000277	mol_000277	160928	160928	176012	theory_fixed
278	read_000278	mol_000278	161633	161633	181458	theory_fixed
279	read_000279	mol_000279	161779	161779	193997	theory_fixed
280	read_000280	mol_000280	162624	162624	183326	theory_fixed
281	read_000281	mol_000281	162982	162982	181309	theory_fixed
282	read_000282	mol_000282	163038	163038	173625	theory_fixed
283	read_000283	mol_000283	163856	163856	183660	theory_fixed
284	read_000284	mol_000284	164053	164053	182188	theory_fixed
285	read_000285	mol_000285	164134	164134	185271	theory_fixed
286	read_000286	mol_000286	164685	164685	178140	theory_fixed
287	read_000287	mol_000287	165140	165140	178789	theory_fixed
288	read_000288	mol_000288	165575	165575	184973	theory_fixed
289	read_000289	mol_000289	165873	165873	181550	theory_fixed
290	read_000290	mol_000290	166472	166472	179206	theory_fixed
291	read_000291	mol_000291	166703	166703	181855	theory_fixed
292	read_000292	mol_000292	168383	168383	186502	theory_fixed
293	read_000293	mol_000293	168484	168484	185466	theory_fixed
294	read_000294	mol_000294	170102	170102	186133	theory_fixed
295	read_000295	mol_000295	170182	170182	189279	theory_fixed
296	read_000296	mol_000296	170963	170963	191156	theory_fixed
297	read_000297	mol_000297	173895	173895	190861	theory_fixed
298	read_000298	mol_000298	175211	175211	200282	theory_fixed
299	read_000299	mol_000299	175915	175915	193580	theory_fixed
300	read_000300	mol_000300	176037	176037	192939	theory_fixed
301	read_000301	mol_000301	176072	176072	197084	theory_fixed
302	read_000302	mol_000302	176076	176076	188021	theory_fixed
303	read_000303	mol_000303	177235	177235	201383	theory_fixed
304	read_000304	mol_000304	177900	177900	196833	theory_fixed
305	read_000305	mol_000305	178376	178376	204936	theory_fixed
306	read_000306	mol_000306	178589	178589	192831	theory_fixed
307	read_000307	mol_000307	178936	178936	193933	theory_fixed
308	read_000308	mol_000308	179352	179352	193496	theory_fixed
309	read_000309	mol_000309	179785	179785	194676	theory_fixed
310	read_000310	mol_000310	180553	180553	196732	theory_fixed
311	read_000311	mol_000311	181144	181144	195098	theory_fixed
312	read_000312	mol_000312	182051	182051	198380	theory_fixed
313	read_000313	mol_000313	182268	182268	199539	theory_fixed
314	read_000314	mol_000314	182958	182958	193214	theory_fixed
315	read_000315	mol_000315	183321	183321	204200	theory_fixed
316	read_000316	mol_000316	185165	185165	205088	theory_fixed
317	read_000317	mol_000317	186321	186321	206881	theory_fixed
318	read_000318	mol_000318	186626	186626	206411	theory_fixed
319	read_000319	mol_000319	186833	186833	200592	theory_fixed
320	read_000320	mol_000320	186994	186994	200795	theory_fixed
321	read_000321	mol_000321	187604	187604	201628	theory_fixed
322	read_000322	mol_000322	188456	188456	209063	theory_fixed
323	read_000323	mol_000323	189004	189004	202418	theory_fixed
324	read_000324	mol_000324	191703	191703	207751	theory_fixed
325	read_000325	mol_000325	191775	191775	207515	theory_fixed
326	read_000326	mol_000326	192192	192192	218749	theory_fixed
327	read_000327	mol_000327	193021	193021	213878	theory_fixed
328	read_000328	mol_000328	193259	193259	209154	theory_fixed
329	read_000329	mol_000329	193283	193283	210822	theory_fixed
330	read_000330	mol_000330	193510	193510	218447	theory_fixed
331	read_000331	mol_000331	193718	193718	207775	theory_fixed
332	read_000332	mol_000332	193783	193783	211267	theory_fixed
333	read_000333	mol_000333	194269	194269	215663	theory_fixed
334	read_000334	mol_000334	194488	194488	212617	theory_fixed
335	read_000335	mol_000335	194555	194555	217617	theory_fixed
336	read_000336	mol_000336	194692	194692	217592	theory_fixed
337	read_000337	mol_000337	195246	195246	215657	theory_fixed
338	read_000338	mol_000338	195713	195713	219614	theory_fixed
339	read_000339	mol_000339	195804	195804	217468	theory_fixed
340	read_000340	mol_000340	196049	196049	223336	theory_fixed
341	read_000341	mol_000341	196133	196133	214686	theory_fixed
342	read_000342	mol_000342	196501	196501	214532	theory_fixed
343	read_000343	mol_000343	196553	196553	218428	theory_fixed
344	read_000344	mol_000344	196733	196733	216017	theory_fixed
345	read_000345	mol_000345	197133	197133	218876	theory_fixed
346	read_000346	mol_000346	200422	200422	221868	theory_fixed
347	read_000347	mol_000347	201139	201139	215798	theory_fixed
348	read_000348	mol_000348	202053	202053	218897	theory_fixed
349	read_000349	mol_000349	202056	202056	223049	theory_fixed
350	read_000350	mol_000350	202332	202332	219413	theory_fixed
351	read_000351	mol_000351	202380	202380	222852	theory_fixed
352	read_000352	mol_000352	202503	202503	220885	theory_fixed
353	read_000353	mol_000353	203502	203502	216354	theory_fixed
354	read_000354	mol_000354	203981	203981	223362	theory_fixed
355	read_000355	mol_000355	204366	204366	222083	theory_fixed
356	read_000356	mol_000356	204451	204451	221414	theory_fixed
357	read_000357	mol_000357	204615	204615	222577	theory_fixed
358	read_000358	mol_000358	205550	205550	220110	theory_fixed
359	read_000359	mol_000359	205768	205768	222544	theory_fixed
360	read_000360	mol_000360	207980	207980	223272	theory_fixed
361	read_000361	mol_000361	207990	207990	222646	theory_fixed
362	read_000362	mol_000362	208432	208432	225022	theory_fixed
363	read_000363	mol_000363	208524	208524	222392	theory_fixed
364	read_000364	mol_000364	208786	208786	223012	theory_fixed
365	read_000365	mol_000365	209373	209373	228971	theory_fixed
366	read_000366	mol_000366	210017	210017	223075	theory_fixed
367	read_000367	mol_000367	211760	211760	227969	theory_fixed
368	read_000368	mol_000368	211830	211830	223749	theory_fixed
369	read_000369	mol_000369	211837	211837	227728	theory_fixed
370	read_000370	mol_000370	211957	211957	236936	theory_fixed
371	read_000371	mol_000371	212781	212781	231105	theory_fixed
372	read_000372	mol_000372	212943	212943	230622	theory_fixed
373	read_000373	mol_000373	212977	212977	227859	theory_fixed
374	read_000374	mol_000374	213030	213030	231656	theory_fixed
375	read_000375	mol_000375	213567	213567	226296	theory_fixed
376	read_000376	mol_000376	214432	214432	232053	theory_fixed
377	read_000377	mol_000377	215048	215048	226409	theory_fixed
378	read_000378	mol_000378	215400	215400	239256	theory_fixed
379	read_000379	mol_000379	216184	216184	236427	theory_fixed
380	read_000380	mol_000380	217029	217029	231742	theory_fixed
381	read_000381	mol_000381	217215	217215	234895	theory_fixed
382	read_000382	mol_000382	217285	217285	239936	theory_fixed
383	read_000383	mol_000383	219724	219724	238110	theory_fixed
384	read_000384	mol_000384	220169	220169	235901	theory_fixed
385	read_000385	mol_000385	220971	220971	233800	theory_fixed
386	read_000386	mol_000386	221888	221888	236692	theory_fixed
387	read_000387	mol_000387	221972	221972	237661	theory_fixed
388	read_000388	mol_000388	222084	222084	245983	theory_fixed
389	read_000389	mol_000389	222317	222317	236528	theory_fixed
390	read_000390	mol_000390	222320	222320	245827	theory_fixed
391	read_000391	mol_000391	222724	222724	239694	theory_fixed
392	read_000392	mol_000392	223332	223332	237939	theory_fixed
393	read_000393	mol_000393	223536	223536	246432	theory_fixed
394	read_000394	mol_000394	223894	223894	242370	theory_fixed
395	read_000395	mol_000395	224137	224137	249651	theory_fixed
396	read_000396	mol_000396	224695	224695	250601	theory_fixed
397	read_000397	mol_000397	225019	225019	240099	theory_fixed
398	read_000398	mol_000398	225049	225049	240804	theory_fixed
399	read_000399	mol_000399	225160	225160	234929	theory_fixed
400	read_000400	mol_000400	225314	225314	238814	theory_fixed
401	read_000401	mol_000401	225371	225371	247963	theory_fixed
402	read_000402	mol_000402	225469	225469	243160	theory_fixed
403	read_000403	mol_000403	227286	227286	243115	theory_fixed
404	read_000404	mol_000404	228071	228071	242891	theory_fixed
405	read_000405	mol_000405	228071	228071	249749	theory_fixed
406	read_000406	mol_000406	228504	228504	242225	theory_fixed
407	read_000407	mol_000407	229104	229104	242264	theory_fixed
408	read_000408	mol_000408	229189	229189	245171	theory_fixed
409	read_000409	mol_000409	229947	229947	245568	theory_fixed
410	read_000410	mol_000410	230785	230785	249414	theory_fixed
411	read_000411	mol_000411	231447	231447	250679	theory_fixed
412	read_000412	mol_000412	231758	231758	252090	theory_fixed
413	read_000413	mol_000413	232041	232041	255970	theory_fixed
414	read_000414	mol_000414	232549	232549	250863	theory_fixed
415	read_000415	mol_000415	232601	232601	260098	theory_fixed
416	read_000416	mol_000416	232732	232732	255474	theory_fixed
417	read_000417	mol_000417	233782	233782	253622	theory_fixed
418	read_000418	mol_000418	234213	234213	260523	theory_fixed
419	read_000419	mol_000419	234386	234386	245248	theory_fixed
420	read_000420	mol_000420	234555	234555	249929	theory_fixed
421	read_000421	mol_000421	234565	234565	250175	theory_fixed
422	read_000422	mol_000422	235806	235806	261824	theory_fixed
423	read_000423	mol_000423	238009	238009	259459	theory_fixed
424	read_000424	mol_000424	238260	238260	255130	theory_fixed
425	read_000425	mol_000425	238340	238340	250715	theory_fixed
426	read_000426	mol_000426	238360	238360	255513	theory_fixed
427	read_000427	mol_000427	238389	238389	253291	theory_fixed
428	read_000428	mol_000428	238506	238506	255830	theory_fixed
429	read_000429	mol_000429	241531	241531	261646	theory_fixed
430	read_000430	mol_000430	242615	242615	262332	theory_fixed
431	read_000431	mol_000431	243373	243373	258818	theory_fixed
432	read_000432	mol_000432	244883	244883	261924	theory_fixed
433	read_000433	mol_000433	245014	245014	263522	theory_fixed
434	read_000434	mol_000434	245127	245127	260053	theory_fixed
435	read_000435	mol_000435	245198	245198	255946	theory_fixed
436	read_000436	mol_000436	245546	245546	266134	theory_fixed
437	read_000437	mol_000437	245690	245690	263928	theory_fixed
438	read_000438	mol_000438	246242	246242	260504	theory_fixed
439	read_000439	mol_000439	246584	246584	265618	theory_fixed
440	read_000440	mol_000440	246693	246693	275910	theory_fixed
441	read_000441	mol_000441	248500	248500	269743	theory_fixed
442	read_000442	mol_000442	249062	249062	262219	theory_fixed
443	read_000443	mol_000443	249321	249321	267263	theory_fixed
444	read_000444	mol_000444	249474	249474	272543	theory_fixed
445	read_000445	mol_000445	249690	249690	265177	theory_fixed
446	read_000446	mol_000446	250195	250195	265190	theory_fixed
447	read_000447	mol_000447	250497	250497	270422	theory_fixed
448	read_000448	mol_000448	251051	251051	266026	theory_fixed
449	read_000449	mol_000449	251459	251459	266411	theory_fixed
450	read_000450	mol_000450	251537	251537	271512	theory_fixed
451	read_000451	mol_000451	253973	253973	265523	theory_fixed
452	read_000452	mol_000452	254311	254311	274940	theory_fixed
453	read_000453	mol_000453	254346	254346	270416	theory_fixed
454	read_000454	mol_000454	254444	254444	274657	theory_fixed
455	read_000455	mol_000455	256553	256553	278155	theory_fixed
456	read_000456	mol_000456	256609	256609	276138	theory_fixed
457	read_000457	mol_000457	256713	256713	275594	theory_fixed
458	read_000458	mol_000458	256911	256911	270352	theory_fixed
459	read_000459	mol_000459	257368	257368	276413	theory_fixed
460	read_000460	mol_000460	257594	257594	273053	theory_fixed
461	read_000461	mol_000461	257681	257681	276845	theory_fixed
462	read_000462	mol_000462	258503	258503	273341	theory_fixed
463	read_000463	mol_000463	258517	258517	267875	theory_fixed
464	read_000464	mol_000464	258722	258722	277298	theory_fixed
465	read_000465	mol_000465	259568	259568	276395	theory_fixed
466	read_000466	mol_000466	259931	259931	286364	theory_fixed
467	read_000467	mol_000467	260116	260116	273981	theory_fixed
468	read_000468	mol_000468	260910	260910	273946	theory_fixed
469	read_000469	mol_000469	262307	262307	283154	theory_fixed
470	read_000470	mol_000470	263579	263579	284974	theory_fixed
471	read_000471	mol_000471	264500	264500	282255	theory_fixed
472	read_000472	mol_000472	265798	265798	286822	theory_fixed
473	read_000473	mol_000473	266847	266847	285368	theory_fixed
474	read_000474	mol_000474	266997	266997	287979	theory_fixed
475	read_000475	mol_000475	267926	267926	283321	theory_fixed
476	read_000476	mol_000476	268512	268512	291318	theory_fixed
477	read_000477	mol_000477	268615	268615	290680	theory_fixed
478	read_000478	mol_000478	269054	269054	288334	theory_fixed
479	read_000479	mol_000479	269458	269458	280643	theory_fixed
480	read_000480	mol_000480	269708	269708	285276	theory_fixed
481	read_000481	mol_000481	269932	269932	283127	theory_fixed
482	read_000482	mol_000482	270856	270856	288344	theory_fixed
483	read_000483	mol_000483	271830	271830	290037	theory_fixed
484	read_000484	mol_000484	271991	271991	288285	theory_fixed
485	read_000485	mol_000485	272670	272670	285991	theory_fixed
486	read_000486	mol_000486	272900	272900	288393	theory_fixed
487	read_000487	mol_000487	273797	273797	293372	theory_fixed
488	read_000488	mol_000488	275128	275128	302577	theory_fixed
489	read_000489	mol_000489	275494	275494	291907	theory_fixed
490	read_000490	mol_000490	277707	277707	309818	theory_fixed
491	read_000491	mol_000491	278600	278600	296309	theory_fixed
492	read_000492	mol_000492	279922	279922	304830	theory_fixed
493	read_000493	mol_000493	280783	280783	300199	theory_fixed
494	read_000494	mol_000494	281570	281570	299475	theory_fixed
495	read_000495	mol_000495	281652	281652	298703	theory_fixed
496	read_000496	mol_000496	281685	281685	295989	theory_fixed
497	read_000497	mol_000497	282725	282725	307404	theory_fixed
498	read_000498	mol_000498	283097	283097	299539	theory_fixed
499	read_000499	mol_000499	283707	283707	298102	theory_fixed
500	read_000500	mol_000500	283780	283780	301087	theory_fixed
501	read_000501	mol_000501	284186	284186	312222	theory_fixed
502	read_000502	mol_000502	284564	284564	298311	theory_fixed
503	read_000503	mol_000503	285195	285195	300812	theory_fixed
504	read_000504	mol_000504	285555	285555	297300	theory_fixed
505	read_000505	mol_000505	285855	285855	303256	theory_fixed
506	read_000506	mol_000506	286166	286166	304703	theory_fixed
507	read_000507	mol_000507	286214	286214	301837	theory_fixed
508	read_000508	mol_000508	286233	286233	303175	theory_fixed
509	read_000509	mol_000509	287313	287313	308194	theory_fixed
510	read_000510	mol_000510	287654	287654	306206	theory_fixed
511	read_000511	mol_000511	287681	287681	304208	theory_fixed
512	read_000512	mol_000512	288075	288075	301558	theory_fixed
513	read_000513	mol_000513	288161	288161	306452	theory_fixed
514	read_000514	mol_000514	288316	288316	304870	theory_fixed
515	read_000515	mol_000515	288859	288859	303848	theory_fixed
516	read_000516	mol_000516	289102	289102	300264	theory_fixed
517	read_000517	mol_000517	289226	289226	307114	theory_fixed
518	read_000518	mol_000518	289227	289227	310687	theory_fixed
519	read_000519	mol_000519	290524	290524	305542	theory_fixed
520	read_000520	mol_000520	291126	291126	312247	theory_fixed
521	read_000521	mol_000521	291444	291444	303984	theory_fixed
522	read_000522	mol_000522	292231	292231	307797	theory_fixed
523	read_000523	mol_000523	293199	293199	312489	theory_fixed
524	read_000524	mol_000524	293894	293894	313125	theory_fixed
525	read_000525	mol_000525	294054	294054	310230	theory_fixed
526	read_000526	mol_000526	294700	294700	306917	theory_fixed
527	read_000527	mol_000527	294923	294923	315696	theory_fixed
528	read_000528	mol_000528	295286	295286	306992	theory_fixed
529	read_000529	mol_000529	295804	295804	309364	theory_fixed
530	read_000530	mol_000530	295900	295900	309916	theory_fixed
531	read_000531	mol_000531	296037	296037	312697	theory_fixed
532	read_000532	mol_000532	296141	296141	311731	theory_fixed
533	read_000533	mol_000533	297190	297190	313967	theory_fixed
534	read_000534	mol_000534	297632	297632	322257	theory_fixed
535	read_000535	mol_000535	297881	297881	320638	theory_fixed
536	read_000536	mol_000536	298090	298090	313036	theory_fixed
537	read_000537	mol_000537	298185	298185	320022	theory_fixed
538	read_000538	mol_000538	298522	298522	315316	theory_fixed
539	read_000539	mol_000539	299631	299631	314109	theory_fixed
540	read_000540	mol_000540	301207	301207	312968	theory_fixed
541	read_000541	mol_000541	301454	301454	317938	theory_fixed
542	read_000542	mol_000542	302066	302066	328276	theory_fixed
543	read_000543	mol_000543	302186	302186	313877	theory_fixed
544	read_000544	mol_000544	303568	303568	326049	theory_fixed
545	read_000545	mol_000545	303988	303988	327480	theory_fixed
546	read_000546	mol_000546	304224	304224	328843	theory_fixed
547	read_000547	mol_000547	306691	306691	323063	theory_fixed
548	read_000548	mol_000548	307257	307257	326161	theory_fixed
549	read_000549	mol_000549	308557	308557	321304	theory_fixed
550	read_000550	mol_000550	308623	308623	333472	theory_fixed
551	read_000551	mol_000551	310375	310375	329867	theory_fixed
552	read_000552	mol_000552	310931	310931	327334	theory_fixed
553	read_000553	mol_000553	312250	312250	338406	theory_fixed
554	read_000554	mol_000554	312282	312282	327549	theory_fixed
555	read_000555	mol_000555	313837	313837	334008	theory_fixed
556	read_000556	mol_000556	314451	314451	332932	theory_fixed
557	read_000557	mol_000557	314470	314470	333584	theory_fixed
558	read_000558	mol_000558	315507	315507	335345	theory_fixed
559	read_000559	mol_000559	316205	316205	332712	theory_fixed
560	read_000560	mol_000560	316397	316397	335294	theory_fixed
561	read_000561	mol_000561	317348	317348	335872	theory_fixed
562	read_000562	mol_000562	318232	318232	334163	theory_fixed
563	read_000563	mol_000563	318277	318277	332569	theory_fixed
564	read_000564	mol_000564	318420	318420	332989	theory_fixed
565	read_000565	mol_000565	318647	318647	341485	theory_fixed
566	read_000566	mol_000566	319278	319278	343197	theory_fixed
567	read_000567	mol_000567	320197	320197	341072	theory_fixed
568	read_000568	mol_000568	321333	321333	338324	theory_fixed
569	read_000569	mol_000569	321497	321497	335197	theory_fixed
570	read_000570	mol_000570	321909	321909	340749	theory_fixed
571	read_000571	mol_000571	322918	322918	334432	theory_fixed
572	read_000572	mol_000572	323064	323064	338219	theory_fixed
573	read_000573	mol_000573	323390	323390	342232	theory_fixed
574	read_000574	mol_000574	323412	323412	339398	theory_fixed
575	read_000575	mol_000575	323557	323557	344353	theory_fixed
576	read_000576	mol_000576	323825	323825	340741	theory_fixed
577	read_000577	mol_000577	324060	324060	341396	theory_fixed
578	read_000578	mol_000578	324912	324912	340126	theory_fixed
579	read_000579	mol_000579	325996	325996	348422	theory_fixed
580	read_000580	mol_000580	326032	326032	343955	theory_fixed
581	read_000581	mol_000581	326459	326459	337985	theory_fixed
582	read_000582	mol_000582	326818	326818	340043	theory_fixed
583	read_000583	mol_000583	326898	326898	342376	theory_fixed
584	read_000584	mol_000584	326916	326916	344605	theory_fixed
585	read_000585	mol_000585	327025	327025	350401	theory_fixed
586	read_000586	mol_000586	327252	327252	341331	theory_fixed
587	read_000587	mol_000587	327304	327304	349972	theory_fixed
588	read_000588	mol_000588	327825	327825	342715	theory_fixed
589	read_000589	mol_000589	329793	329793	345690	theory_fixed
590	read_000590	mol_000590	330904	330904	345673	theory_fixed
591	read_000591	mol_000591	330929	330929	350335	theory_fixed
592	read_000592	mol_000592	331770	331770	353862	theory_fixed
593	read_000593	mol_000593	333373	333373	351280	theory_fixed
594	read_000594	mol_000594	333863	333863	348434	theory_fixed
595	read_000595	mol_000595	335441	335441	355326	theory_fixed
596	read_000596	mol_000596	335914	335914	355635	theory_fixed
597	read_000597	mol_000597	336326	336326	360602	theory_fixed
598	read_000598	mol_000598	336585	336585	352330	theory_fixed
599	read_000599	mol_000599	336676	336676	354160	theory_fixed
600	read_000600	mol_000600	337054	337054	358429	theory_fixed
601	read_000601	mol_000601	338041	338041	355831	theory_fixed
602	read_000602	mol_000602	338076	338076	358380	theory_fixed
603	read_000603	mol_000603	338404	338404	354008	theory_fixed
604	read_000604	mol_000604	338511	338511	359832	theory_fixed
605	read_000605	mol_000605	340941	340941	362322	theory_fixed
606	read_000606	mol_000606	341705	341705	364180	theory_fixed
607	read_000607	mol_000607	341815	341815	366279	theory_fixed
608	read_000608	mol_000608	342703	342703	360209	theory_fixed
609	read_000609	mol_000609	342962	342962	361439	theory_fixed
610	read_000610	mol_000610	343715	343715	362302	theory_fixed
611	read_000611	mol_000611	344138	344138	365248	theory_fixed
612	read_000612	mol_000612	344333	344333	359479	theory_fixed
613	read_000613	mol_000613	344855	344855	361711	theory_fixed
614	read_000614	mol_000614	345114	345114	367460	theory_fixed
615	read_000615	mol_000615	347697	347697	367235	theory_fixed
616	read_000616	mol_000616	348619	348619	361133	theory_fixed
617	read_000617	mol_000617	349307	349307	367679	theory_fixed
618	read_000618	mol_000618	350877	350877	373679	theory_fixed
619	read_000619	mol_000619	351296	351296	368747	theory_fixed
620	read_000620	mol_000620	351707	351707	369989	theory_fixed
621	read_000621	mol_000621	352744	352744	370785	theory_fixed
622	read_000622	mol_000622	353299	353299	369942	theory_fixed
623	read_000623	mol_000623	358690	358690	372649	theory_fixed
624	read_000624	mol_000624	358918	358918	378343	theory_fixed
625	read_000625	mol_000625	359177	359177	378716	theory_fixed
626	read_000626	mol_000626	359687	359687	375120	theory_fixed
627	read_000627	mol_000627	362130	362130	381427	theory_fixed
628	read_000628	mol_000628	362246	362246	380573	theory_fixed
629	read_000629	mol_000629	363476	363476	378937	theory_fixed
630	read_000630	mol_000630	364359	364359	385550	theory_fixed
631	read_000631	mol_000631	365464	365464	389606	theory_fixed
632	read_000632	mol_000632	366245	366245	388550	theory_fixed
633	read_000633	mol_000633	366936	366936	382409	theory_fixed
634	read_000634	mol_000634	369040	369040	385758	theory_fixed
635	read_000635	mol_000635	370321	370321	398348	theory_fixed
636	read_000636	mol_000636	371000	371000	393155	theory_fixed
637	read_000637	mol_000637	371931	371931	388673	theory_fixed
638	read_000638	mol_000638	373706	373706	396487	theory_fixed
639	read_000639	mol_000639	374484	374484	392066	theory_fixed
640	read_000640	mol_000640	374999	374999	390658	theory_fixed
641	read_000641	mol_000641	376188	376188	391390	theory_fixed
642	read_000642	mol_000642	376369	376369	392597	theory_fixed
643	read_000643	mol_000643	376826	376826	389115	theory_fixed
644	read_000644	mol_000644	377539	377539	398711	theory_fixed
645	read_000645	mol_000645	377816	377816	392949	theory_fixed
646	read_000646	mol_000646	377844	377844	390870	theory_fixed
647	read_000647	mol_000647	378165	378165	398599	theory_fixed
648	read_000648	mol_000648	378387	378387	401384	theory_fixed
649	read_000649	mol_000649	378544	378544	395744	theory_fixed
650	read_000650	mol_000650	379504	379504	394678	theory_fixed
651	read_000651	mol_000651	379551	379551	393195	theory_fixed
652	read_000652	mol_000652	382729	382729	396261	theory_fixed
653	read_000653	mol_000653	386601	386601	405480	theory_fixed
654	read_000654	mol_000654	386821	386821	400330	theory_fixed
655	read_000655	mol_000655	387960	387960	406911	theory_fixed
656	read_000656	mol_000656	388076	388076	401803	theory_fixed
657	read_000657	mol_000657	388590	388590	400210	theory_fixed
658	read_000658	mol_000658	388822	388822	405432	theory_fixed
659	read_000659	mol_000659	389878	389878	401998	theory_fixed
660	read_000660	mol_000660	389954	389954	407642	theory_fixed
661	read_000661	mol_000661	390479	390479	407310	theory_fixed
662	read_000662	mol_000662	390530	390530	414924	theory_fixed
663	read_000663	mol_000663	390719	390719	419443	theory_fixed
664	read_000664	mol_000664	392136	392136	407512	theory_fixed
665	read_000665	mol_000665	392417	392417	413091	theory_fixed
666	read_000666	mol_000666	393276	393276	411888	theory_fixed
667	read_000667	mol_000667	393554	393554	410914	theory_fixed
668	read_000668	mol_000668	394274	394274	409148	theory_fixed
669	read_000669	mol_000669	394583	394583	412400	theory_fixed
670	read_000670	mol_000670	394966	394966	411910	theory_fixed
671	read_000671	mol_000671	395141	395141	410905	theory_fixed
672	read_000672	mol_000672	397686	397686	415668	theory_fixed
673	read_000673	mol_000673	397710	397710	415645	theory_fixed
674	read_000674	mol_000674	398465	398465	410724	theory_fixed
675	read_000675	mol_000675	399953	399953	413931	theory_fixed
676	read_000676	mol_000676	401927	401927	419514	theory_fixed
677	read_000677	mol_000677	402732	402732	419659	theory_fixed
678	read_000678	mol_000678	403082	403082	421430	theory_fixed
679	read_000679	mol_000679	403119	403119	429362	theory_fixed
680	read_000680	mol_000680	403322	403322	415556	theory_fixed
681	read_000681	mol_000681	403832	403832	429855	theory_fixed
682	read_000682	mol_000682	403850	403850	419083	theory_fixed
683	read_000683	mol_000683	404032	404032	427986	theory_fixed
684	read_000684	mol_000684	404772	404772	429657	theory_fixed
685	read_000685	mol_000685	405804	405804	424433	theory_fixed
686	read_000686	mol_000686	406845	406845	421725	theory_fixed
687	read_000687	mol_000687	406889	406889	419718	theory_fixed
688	read_000688	mol_000688	407507	407507	433157	theory_fixed
689	read_000689	mol_000689	408638	408638	422022	theory_fixed
690	read_000690	mol_000690	412003	412003	425108	theory_fixed
691	read_000691	mol_000691	413497	413497	429946	theory_fixed
692	read_000692	mol_000692	415008	415008	429430	theory_fixed
693	read_000693	mol_000693	415231	415231	427852	theory_fixed
694	read_000694	mol_000694	415384	415384	429529	theory_fixed
695	read_000695	mol_000695	416235	416235	427326	theory_fixed
696	read_000696	mol_000696	416366	416366	425847	theory_fixed
697	read_000697	mol_000697	416495	416495	434296	theory_fixed
698	read_000698	mol_000698	416715	416715	435300	theory_fixed
699	read_000699	mol_000699	416885	416885	429397	theory_fixed
700	read_000700	mol_000700	417978	417978	440481	theory_fixed
701	read_000701	mol_000701	418443	418443	435462	theory_fixed
702	read_000702	mol_000702	418647	418647	433970	theory_fixed
703	read_000703	mol_000703	419065	419065	440532	theory_fixed
704	read_000704	mol_000704	419139	419139	447692	theory_fixed
705	read_000705	mol_000705	420182	420182	434829	theory_fixed
706	read_000706	mol_000706	421486	421486	441801	theory_fixed
707	read_000707	mol_000707	421818	421818	439683	theory_fixed
708	read_000708	mol_000708	421818	421818	438405	theory_fixed
709	read_000709	mol_000709	422845	422845	436098	theory_fixed
710	read_000710	mol_000710	424127	424127	441062	theory_fixed
711	read_000711	mol_000711	424226	424226	447333	theory_fixed
712	read_000712	mol_000712	425106	425106	437575	theory_fixed
713	read_000713	mol_000713	426346	426346	449402	theory_fixed
714	read_000714	mol_000714	426577	426577	443556	theory_fixed
715	read_000715	mol_000715	427236	427236	446211	theory_fixed
716	read_000716	mol_000716	427387	427387	443373	theory_fixed
717	read_000717	mol_000717	428988	428988	445804	theory_fixed
718	read_000718	mol_000718	429440	429440	451121	theory_fixed
719	read_000719	mol_000719	429660	429660	446439	theory_fixed
720	read_000720	mol_000720	429667	429667	446324	theory_fixed
721	read_000721	mol_000721	429725	429725	441145	theory_fixed
722	read_000722	mol_000722	430424	430424	450943	theory_fixed
723	read_000723	mol_000723	430783	430783	452959	theory_fixed
724	read_000724	mol_000724	430789	430789	445700	theory_fixed
725	read_000725	mol_000725	431374	431374	448096	theory_fixed
726	read_000726	mol_000726	431413	431413	451061	theory_fixed
727	read_000727	mol_000727	431459	431459	444323	theory_fixed
728	read_000728	mol_000728	432430	432430	446599	theory_fixed
729	read_000729	mol_000729	432659	432659	448863	theory_fixed
730	read_000730	mol_000730	433816	433816	456550	theory_fixed
731	read_000731	mol_000731	434995	434995	455405	theory_fixed
732	read_000732	mol_000732	435423	435423	456171	theory_fixed
733	read_000733	mol_000733	435684	435684	457900	theory_fixed
734	read_000734	mol_000734	436624	436624	451942	theory_fixed
735	read_000735	mol_000735	437629	437629	460668	theory_fixed
736	read_000736	mol_000736	437785	437785	452703	theory_fixed
737	read_000737	mol_000737	438716	438716	450943	theory_fixed
738	read_000738	mol_000738	438755	438755	457692	theory_fixed
739	read_000739	mol_000739	440097	440097	457724	theory_fixed
740	read_000740	mol_000740	440280	440280	469779	theory_fixed
741	read_000741	mol_000741	441124	441124	454882	theory_fixed
742	read_000742	mol_000742	441460	441460	451405	theory_fixed
743	read_000743	mol_000743	441501	441501	459180	theory_fixed
744	read_000744	mol_000744	441759	441759	468023	theory_fixed
745	read_000745	mol_000745	442061	442061	462429	theory_fixed
746	read_000746	mol_000746	442111	442111	465375	theory_fixed
747	read_000747	mol_000747	442939	442939	465596	theory_fixed
748	read_000748	mol_000748	443057	443057	461033	theory_fixed
749	read_000749	mol_000749	443324	443324	472817	theory_fixed
750	read_000750	mol_000750	444191	444191	459262	theory_fixed
751	read_000751	mol_000751	444717	444717	465922	theory_fixed
752	read_000752	mol_000752	445377	445377	459868	theory_fixed
753	read_000753	mol_000753	445485	445485	460080	theory_fixed
754	read_000754	mol_000754	445864	445864	467414	theory_fixed
755	read_000755	mol_000755	446636	446636	461837	theory_fixed
756	read_000756	mol_000756	448330	448330	460839	theory_fixed
757	read_000757	mol_000757	448532	448532	474807	theory_fixed
758	read_000758	mol_000758	448625	448625	465500	theory_fixed
759	read_000759	mol_000759	449042	449042	473810	theory_fixed
760	read_000760	mol_000760	450062	450062	469034	theory_fixed
761	read_000761	mol_000761	450195	450195	472313	theory_fixed
762	read_000762	mol_000762	450348	450348	470267	theory_fixed
763	read_000763	mol_000763	451000	451000	466158	theory_fixed
764	read_000764	mol_000764	451122	451122	475622	theory_fixed
765	read_000765	mol_000765	451495	451495	476377	theory_fixed
766	read_000766	mol_000766	451978	451978	468527	theory_fixed
767	read_000767	mol_000767	452268	452268	467130	theory_fixed
768	read_000768	mol_000768	452776	452776	469913	theory_fixed
769	read_000769	mol_000769	453105	453105	470934	theory_fixed
770	read_000770	mol_000770	453449	453449	476000	theory_fixed
771	read_000771	mol_000771	453761	453761	478128	theory_fixed
772	read_000772	mol_000772	454162	454162	474400	theory_fixed
773	read_000773	mol_000773	454179	454179	474120	theory_fixed
774	read_000774	mol_000774	455699	455699	476017	theory_fixed
775	read_000775	mol_000775	456956	456956	472745	theory_fixed
776	read_000776	mol_000776	457373	457373	473545	theory_fixed
777	read_000777	mol_000777	457828	457828	472512	theory_fixed
778	read_000778	mol_000778	458298	458298	470829	theory_fixed
779	read_000779	mol_000779	459054	459054	473121	theory_fixed
780	read_000780	mol_000780	459297	459297	475741	theory_fixed
781	read_000781	mol_000781	460494	460494	483248	theory_fixed
782	read_000782	mol_000782	460514	460514	480051	theory_fixed
783	read_000783	mol_000783	461227	461227	478466	theory_fixed
784	read_000784	mol_000784	461792	461792	474797	theory_fixed
785	read_000785	mol_000785	462785	462785	485728	theory_fixed
786	read_000786	mol_000786	463547	463547	481382	theory_fixed
787	read_000787	mol_000787	464071	464071	483072	theory_fixed
788	read_000788	mol_000788	465757	465757	479367	theory_fixed
789	read_000789	mol_000789	465966	465966	479359	theory_fixed
790	read_000790	mol_000790	467016	467016	482554	theory_fixed
791	read_000791	mol_000791	467535	467535	481950	theory_fixed
792	read_000792	mol_000792	468933	468933	491928	theory_fixed
793	read_000793	mol_000793	468974	468974	483886	theory_fixed
794	read_000794	mol_000794	469511	469511	491084	theory_fixed
795	read_000795	mol_000795	470452	470452	492444	theory_fixed
796	read_000796	mol_000796	470641	470641	485676	theory_fixed
797	read_000797	mol_000797	471027	471027	485499	theory_fixed
798	read_000798	mol_000798	471082	471082	495372	theory_fixed
799	read_000799	mol_000799	471256	471256	490869	theory_fixed
800	read_000800	mol_000800	471828	471828	488907	theory_fixed
801	read_000801	mol_000801	472132	472132	490003	theory_fixed
802	read_000802	mol_000802	474112	474112	496541	theory_fixed
803	read_000803	mol_000803	475526	475526	491940	theory_fixed
804	read_000804	mol_000804	475781	475781	490425	theory_fixed
805	read_000805	mol_000805	476072	476072	498939	theory_fixed
806	read_000806	mol_000806	476410	476410	498358	theory_fixed
807	read_000807	mol_000807	476657	476657	490315	theory_fixed
808	read_000808	mol_000808	476840	476840	499992	theory_fixed
809	read_000809	mol_000809	477602	477602	493154	theory_fixed
810	read_000810	mol_000810	478366	478366	500315	theory_fixed
811	read_000811	mol_000811	479361	479361	495803	theory_fixed
812	read_000812	mol_000812	480488	480488	496430	theory_fixed
813	read_000813	mol_000813	482238	482238	504538	theory_fixed
814	read_000814	mol_000814	482315	482315	505331	theory_fixed
815	read_000815	mol_000815	482615	482615	498569	theory_fixed
816	read_000816	mol_000816	484090	484090	505534	theory_fixed
817	read_000817	mol_000817	484410	484410	499395	theory_fixed
818	read_000818	mol_000818	484965	484965	505859	theory_fixed
819	read_000819	mol_000819	485278	485278	497616	theory_fixed
820	read_000820	mol_000820	485417	485417	504025	theory_fixed
821	read_000821	mol_000821	487510	487510	499419	theory_fixed
822	read_000822	mol_000822	487689	487689	503868	theory_fixed
823	read_000823	mol_000823	488011	488011	509331	theory_fixed
824	read_000824	mol_000824	488972	488972	509263	theory_fixed
825	read_000825	mol_000825	489536	489536	503609	theory_fixed
826	read_000826	mol_000826	489626	489626	505219	theory_fixed
827	read_000827	mol_000827	489934	489934	515529	theory_fixed
828	read_000828	mol_000828	490042	490042	513262	theory_fixed
829	read_000829	mol_000829	490457	490457	508332	theory_fixed
830	read_000830	mol_000830	491036	491036	508422	theory_fixed
831	read_000831	mol_000831	491872	491872	518607	theory_fixed
832	read_000832	mol_000832	493158	493158	510431	theory_fixed
833	read_000833	mol_000833	493948	493948	511697	theory_fixed
834	read_000834	mol_000834	494509	494509	509283	theory_fixed
835	read_000835	mol_000835	495518	495518	517589	theory_fixed
836	read_000836	mol_000836	495553	495553	517854	theory_fixed
837	read_000837	mol_000837	496037	496037	515837	theory_fixed
838	read_000838	mol_000838	496758	496758	513483	theory_fixed
839	read_000839	mol_000839	497660	497660	514987	theory_fixed
840	read_000840	mol_000840	499115	499115	517522	theory_fixed
841	read_000841	mol_000841	499137	499137	512961	theory_fixed
842	read_000842	mol_000842	499499	499499	518569	theory_fixed
843	read_000843	mol_000843	499512	499512	514146	theory_fixed
844	read_000844	mol_000844	499653	499653	514176	theory_fixed
845	read_000845	mol_000845	499722	499722	517611	theory_fixed
846	read_000846	mol_000846	499883	499883	512717	theory_fixed
847	read_000847	mol_000847	500531	500531	516120	theory_fixed
848	read_000848	mol_000848	500726	500726	520830	theory_fixed
849	read_000849	mol_000849	501076	501076	518755	theory_fixed
850	read_000850	mol_000850	501174	501174	521555	theory_fixed
851	read_000851	mol_000851	501643	501643	521791	theory_fixed
852	read_000852	mol_000852	501946	501946	520790	theory_fixed
853	read_000853	mol_000853	502420	502420	519076	theory_fixed
854	read_000854	mol_000854	502754	502754	529748	theory_fixed
855	read_000855	mol_000855	503238	503238	519954	theory_fixed
856	read_000856	mol_000856	505518	505518	521757	theory_fixed
857	read_000857	mol_000857	505629	505629	523352	theory_fixed
858	read_000858	mol_000858	505934	505934	521135	theory_fixed
859	read_000859	mol_000859	506047	506047	520390	theory_fixed
860	read_000860	mol_000860	506079	506079	529553	theory_fixed
861	read_000861	mol_000861	507403	507403	523329	theory_fixed
862	read_000862	mol_000862	507606	507606	527573	theory_fixed
863	read_000863	mol_000863	508062	508062	523861	theory_fixed
864	read_000864	mol_000864	508679	508679	521751	theory_fixed
865	read_000865	mol_000865	510259	510259	533441	theory_fixed
866	read_000866	mol_000866	510585	510585	525169	theory_fixed
867	read_000867	mol_000867	511083	511083	527165	theory_fixed
868	read_000868	mol_000868	511778	511778	529962	theory_fixed
869	read_000869	mol_000869	511897	511897	530893	theory_fixed
870	read_000870	mol_000870	513287	513287	532785	theory_fixed
871	read_000871	mol_000871	513319	513319	530852	theory_fixed
872	read_000872	mol_000872	514003	514003	528467	theory_fixed
873	read_000873	mol_000873	514257	514257	535138	theory_fixed
874	read_000874	mol_000874	514933	514933	529494	theory_fixed
875	read_000875	mol_000875	516123	516123	538683	theory_fixed
876	read_000876	mol_000876	516142	516142	530277	theory_fixed
877	read_000877	mol_000877	516998	516998	532845	theory_fixed
878	read_000878	mol_000878	517083	517083	535709	theory_fixed
879	read_000879	mol_000879	518271	518271	541651	theory_fixed
880	read_000880	mol_000880	518349	518349	532770	theory_fixed
881	read_000881	mol_000881	518477	518477	545605	theory_fixed
882	read_000882	mol_000882	518652	518652	538663	theory_fixed
883	read_000883	mol_000883	518727	518727	536126	theory_fixed
884	read_000884	mol_000884	519052	519052	543462	theory_fixed
885	read_000885	mol_000885	519089	519089	536821	theory_fixed
886	read_000886	mol_000886	519777	519777	532960	theory_fixed
887	read_000887	mol_000887	519984	519984	537366	theory_fixed
888	read_000888	mol_000888	520547	520547	538256	theory_fixed
889	read_000889	mol_000889	520551	520551	532573	theory_fixed
890	read_000890	mol_000890	520985	520985	535447	theory_fixed
891	read_000891	mol_000891	521863	521863	538218	theory_fixed
892	read_000892	mol_000892	521998	521998	539259	theory_fixed
893	read_000893	mol_000893	522828	522828	540420	theory_fixed
894	read_000894	mol_000894	522988	522988	542209	theory_fixed
895	read_000895	mol_000895	525910	525910	544590	theory_fixed
896	read_000896	mol_000896	526257	526257	541803	theory_fixed
897	read_000897	mol_000897	526338	526338	541546	theory_fixed
898	read_000898	mol_000898	526684	526684	543892	theory_fixed
899	read_000899	mol_000899	526861	526861	547485	theory_fixed
900	read_000900	mol_000900	527007	527007	550848	theory_fixed
901	read_000901	mol_000901	528014	528014	539698	theory_fixed
902	read_000902	mol_000902	528646	528646	547580	theory_fixed
903	read_000903	mol_000903	529992	529992	548910	theory_fixed
904	read_000904	mol_000904	530836	530836	554381	theory_fixed
905	read_000905	mol_000905	532101	532101	550519	theory_fixed
906	read_000906	mol_000906	533398	533398	548206	theory_fixed
907	read_000907	mol_000907	534003	534003	552160	theory_fixed
908	read_000908	mol_000908	534670	534670	566203	theory_fixed
909	read_000909	mol_000909	535426	535426	557614	theory_fixed
910	read_000910	mol_000910	535843	535843	557562	theory_fixed
911	read_000911	mol_000911	536159	536159	552764	theory_fixed
912	read_000912	mol_000912	536437	536437	551264	theory_fixed
913	read_000913	mol_000913	538884	538884	555906	theory_fixed
914	read_000914	mol_000914	540302	540302	565762	theory_fixed
915	read_000915	mol_000915	540340	540340	559433	theory_fixed
916	read_000916	mol_000916	540659	540659	555265	theory_fixed
917	read_000917	mol_000917	541013	541013	554746	theory_fixed
918	read_000918	mol_000918	542015	542015	557391	theory_fixed
919	read_000919	mol_000919	543351	543351	560547	theory_fixed
920	read_000920	mol_000920	544869	544869	558395	theory_fixed
921	read_000921	mol_000921	544897	544897	561085	theory_fixed
922	read_000922	mol_000922	546900	546900	567547	theory_fixed
923	read_000923	mol_000923	548884	548884	562773	theory_fixed
924	read_000924	mol_000924	549114	549114	563352	theory_fixed
925	read_000925	mol_000925	549148	549148	568462	theory_fixed
926	read_000926	mol_000926	549239	549239	569315	theory_fixed
927	read_000927	mol_000927	550448	550448	561043	theory_fixed
928	read_000928	mol_000928	550719	550719	568702	theory_fixed
929	read_000929	mol_000929	552076	552076	571182	theory_fixed
930	read_000930	mol_000930	552370	552370	570276	theory_fixed
931	read_000931	mol_000931	552433	552433	565724	theory_fixed
932	read_000932	mol_000932	552467	552467	573743	theory_fixed
933	read_000933	mol_000933	552829	552829	571470	theory_fixed
934	read_000934	mol_000934	552959	552959	568575	theory_fixed
935	read_000935	mol_000935	553453	553453	567189	theory_fixed
936	read_000936	mol_000936	553999	553999	573001	theory_fixed
937	read_000937	mol_000937	554399	554399	568126	theory_fixed
938	read_000938	mol_000938	554736	554736	570704	theory_fixed
939	read_000939	mol_000939	555462	555462	579669	theory_fixed
940	read_000940	mol_000940	555655	555655	575652	theory_fixed
941	read_000941	mol_000941	555689	555689	575480	theory_fixed
942	read_000942	mol_000942	555941	555941	580159	theory_fixed
943	read_000943	mol_000943	556110	556110	570078	theory_fixed
944	read_000944	mol_000944	556659	556659	578287	theory_fixed
945	read_000945	mol_000945	556701	556701	571702	theory_fixed
946	read_000946	mol_000946	557685	557685	576373	theory_fixed
947	read_000947	mol_000947	558030	558030	572713	theory_fixed
948	read_000948	mol_000948	558221	558221	573492	theory_fixed
949	read_000949	mol_000949	558296	558296	574544	theory_fixed
950	read_000950	mol_000950	558819	558819	569680	theory_fixed
951	read_000951	mol_000951	558924	558924	580284	theory_fixed
952	read_000952	mol_000952	559252	559252	573743	theory_fixed
953	read_000953	mol_000953	559550	559550	575403	theory_fixed
954	read_000954	mol_000954	559655	559655	588934	theory_fixed
955	read_000955	mol_000955	559723	559723	573443	theory_fixed
956	read_000956	mol_000956	559873	559873	573190	theory_fixed
957	read_000957	mol_000957	559931	559931	575210	theory_fixed
958	read_000958	mol_000958	560347	560347	572509	theory_fixed
959	read_000959	mol_000959	560696	560696	579897	theory_fixed
960	read_000960	mol_000960	561165	561165	572843	theory_fixed
961	read_000961	mol_000961	561672	561672	571951	theory_fixed
962	read_000962	mol_000962	562997	562997	578068	theory_fixed
963	read_000963	mol_000963	563178	563178	581495	theory_fixed
964	read_000964	mol_000964	563359	563359	581675	theory_fixed
965	read_000965	mol_000965	564262	564262	581503	theory_fixed
966	read_000966	mol_000966	564396	564396	579264	theory_fixed
967	read_000967	mol_000967	564678	564678	579725	theory_fixed
968	read_000968	mol_000968	564749	564749	577829	theory_fixed
969	read_000969	mol_000969	565856	565856	587765	theory_fixed
970	read_000970	mol_000970	566074	566074	577943	theory_fixed
971	read_000971	mol_000971	566134	566134	586387	theory_fixed
972	read_000972	mol_000972	566161	566161	584950	theory_fixed
973	read_000973	mol_000973	566956	566956	581402	theory_fixed
974	read_000974	mol_000974	567201	567201	586322	theory_fixed
975	read_000975	mol_000975	567873	567873	587624	theory_fixed
976	read_000976	mol_000976	569560	569560	584949	theory_fixed
977	read_000977	mol_000977	569667	569667	588894	theory_fixed
978	read_000978	mol_000978	569936	569936	586351	theory_fixed
979	read_000979	mol_000979	570126	570126	587351	theory_fixed
980	read_000980	mol_000980	571107	571107	584179	theory_fixed
981	read_000981	mol_000981	571139	571139	592191	theory_fixed
982	read_000982	mol_000982	571926	571926	587608	theory_fixed
983	read_000983	mol_000983	572212	572212	584251	theory_fixed
984	read_000984	mol_000984	572643	572643	590943	theory_fixed
985	read_000985	mol_000985	573044	573044	597307	theory_fixed
986	read_000986	mol_000986	573189	573189	583484	theory_fixed
987	read_000987	mol_000987	573441	573441	596151	theory_fixed
988	read_000988	mol_000988	573996	573996	590056	theory_fixed
989	read_000989	mol_000989	574488	574488	586613	theory_fixed
990	read_000990	mol_000990	575335	575335	607177	theory_fixed
991	read_000991	mol_000991	575762	575762	596606	theory_fixed
992	read_000992	mol_000992	577218	577218	590930	theory_fixed
993	read_000993	mol_000993	577564	577564	592848	theory_fixed
994	read_000994	mol_000994	578316	578316	595115	theory_fixed
995	read_000995	mol_000995	579111	579111	601472	theory_fixed
996	read_000996	mol_000996	579518	579518	602818	theory_fixed
997	read_000997	mol_000997	580780	580780	596003	theory_fixed
998	read_000998	mol_000998	581273	581273	602060	theory_fixed
999	read_000999	mol_000999	581780	581780	602887	theory_fixed
